iteration,timestamp,p,true_positives,false_negatives,false_positives,true_negatives,avg_degree,max_degree
0,147034,0.7399996,0,0,0,0,0.0,0
1,49077,0.39999992,0,6,20,374,5.645,11
2,318502,0.90999943,6,0,23,371,14.02,20
3,371437,0.37999994,0,4,10,386,5.535,11
4,83011,0.47999984,0,9,11,380,7.075,12
5,402514,0.43999988,0,5,10,385,6.395,12
6,23527,0.35999995,6,0,23,371,5.075,12
7,228381,0.7599996,4,0,19,377,11.59,17
8,345423,0.97999936,6,0,12,382,15.02,21
9,374134,0.38999993,8,0,1,391,5.515,11
10,143628,0.7199996,0,0,0,0,0.0,0
11,245366,0.78999954,0,6,21,373,11.965,18
12,304413,0.88999945,6,3,11,380,13.475,19
13,52938,0.43999988,4,0,15,381,6.265,13
14,174918,0.6499997,0,9,9,382,9.71,16
15,333025,0.3,0,6,13,381,4.16,9
16,343077,0.32999998,6,0,7,387,4.485,11
17,258224,0.9299994,0,0,0,0,0.0,0
18,169863,0.6399997,1,6,12,381,9.61,15
19,242669,0.77999955,2,5,24,369,11.785,17
20,451259,0.5499998,7,0,4,389,8.15,14
21,304546,0.99999934,0,0,0,0,0.0,0
22,250911,0.79999954,0,5,17,378,12.115,18
23,126688,0.56999975,0,5,8,387,8.345,14
24,436352,0.5099998,0,7,12,381,7.54,13
25,411185,0.45999986,4,0,17,379,6.83,12
26,232258,0.76999956,9,0,6,385,11.655,17
27,120762,0.5399998,4,0,18,378,8.14,13
28,263005,0.9599994,0,0,0,0,0.0,0
29,129560,0.65999967,0,0,0,0,0.0,0
30,457529,0.56999975,2,3,19,376,8.325,13
31,186759,0.69999963,2,2,16,380,10.42,16
32,413858,0.46999985,6,0,8,386,6.93,12
33,397842,0.4299999,0,4,16,380,6.02,11
34,21865,0.31,0,4,15,381,4.225,9
35,50836,0.4099999,0,5,6,389,5.815,11
36,56023,0.44999987,7,0,7,386,6.61,13
37,378076,0.39999992,1,7,21,371,5.77,11
38,279994,0.8499995,5,2,23,370,13.035,19
39,314552,0.89999944,6,0,11,383,13.86,20
40,80752,0.46999985,7,0,13,380,6.945,13
41,169461,0.6299997,5,0,11,384,9.48,15
42,204697,0.7499996,8,0,4,388,11.46,17
43,141807,0.6099997,7,0,14,379,9.29,14
44,263446,0.8299995,7,0,8,385,12.655,18
45,325337,0.31,3,2,22,373,4.07,9
46,190259,0.8199995,0,0,0,0,0.0,0
47,364249,0.98999935,0,5,16,379,15.305,21
48,137515,0.68999964,0,0,0,0,0.0,0
49,47647,0.37999994,7,0,5,388,5.345,11
50,448960,0.5399998,0,6,15,379,7.96,14
51,230312,0.8599995,0,0,0,0,0.0,0
52,341521,0.9699994,2,1,20,377,14.87,20
53,385246,0.4099999,0,6,10,384,5.86,12
54,426727,0.49999982,8,0,9,383,7.26,13
55,24905,0.3,0,3,11,386,4.32,8
56,21995,0.32999998,8,0,2,390,4.63,10
57,387627,0.4199999,0,5,9,386,6.01,11
58,453777,0.55999976,0,2,7,391,8.395,15
59,188652,0.7099996,5,0,15,380,10.7,16
60,22603,0.33999997,5,0,4,391,4.915,10
61,302907,0.87999946,5,0,10,385,13.535,20
62,179794,0.66999966,0,5,10,385,10.105,16
63,23395,0.34999996,5,0,11,384,5.03,11
64,418123,0.47999984,0,7,12,381,7.11,13
65,84583,0.48999983,6,0,10,384,7.215,12
66,122083,0.5499998,9,0,2,389,8.145,14
67,79474,0.45999986,1,6,16,377,6.665,12
68,23590,0.32,3,2,6,389,4.56,9
69,350490,0.33999997,5,0,14,381,5.015,10
70,206401,0.8399995,0,0,0,0,0.0,0
71,136366,0.58999974,4,0,17,379,8.93,15
72,53347,0.4299999,0,7,20,373,6.325,12
73,460075,0.57999974,0,7,15,378,8.635,15
74,145341,0.7299996,0,0,0,0,0.0,0
75,370093,0.36999995,5,0,9,386,5.225,10
76,232317,0.86999947,0,0,0,0,0.0,0
77,341246,0.32,0,5,13,382,4.125,9
78,362783,0.35999995,0,7,22,371,5.175,10
79,259817,0.9399994,0,0,0,0,0.0,0
80,88866,0.5199998,4,0,18,378,7.67,13
81,51932,0.4199999,10,0,10,380,6.015,13
82,86349,0.49999982,8,0,3,389,7.235,13
83,409450,0.44999987,7,0,11,382,6.53,11
84,88996,0.5099998,0,6,15,379,7.725,13
85,135794,0.5999997,5,1,17,377,9.065,14
86,440780,0.5199998,6,0,10,384,7.485,14
87,92693,0.5299998,7,0,6,387,7.895,13
88,424261,0.48999983,6,0,9,385,7.22,12
89,256618,0.8099995,0,7,10,383,12.32,18
90,23120,0.36999995,0,6,19,375,5.1,10
91,122298,0.6199997,0,0,0,0,0.0,0
92,352011,0.34999996,4,0,19,377,4.855,10
93,323009,0.9199994,0,4,13,383,13.945,20
94,261420,0.9499994,0,0,0,0,0.0,0
95,182946,0.67999965,5,1,4,390,10.36,15
96,132149,0.57999974,0,9,27,364,8.705,14
97,127664,0.55999976,0,7,7,386,8.495,13
98,47802,0.38999993,0,5,7,388,5.595,11
99,447819,0.5299998,10,0,7,383,7.76,14
100,2712521,0.47999984,7,0,7,386,6.94,12
101,1341236,0.58999974,7,0,5,388,8.825,14
102,882151,0.43999988,7,0,7,386,6.275,11
103,1725385,0.6499997,1,4,14,381,9.795,16
104,2231728,0.88999945,0,6,25,369,13.735,19
105,1768216,0.7099996,1,5,17,377,10.76,16
106,1992418,0.47999984,4,0,22,374,6.825,12
107,1900283,0.9199994,0,8,12,380,14.06,20
108,1369582,0.6299997,5,0,6,389,9.38,15
109,1706764,0.5999997,5,0,14,381,8.89,15
110,819492,0.97999936,4,0,17,379,15.065,24
111,2054513,0.67999965,0,0,0,0,0.0,0
112,2105936,0.69999963,4,0,25,371,10.81,17
113,2695210,0.4299999,7,0,10,383,6.23,13
114,2680053,0.38999993,0,6,16,378,5.51,11
115,2674209,0.36999995,9,0,0,391,5.435,12
116,644924,0.69999963,1,5,21,373,10.655,17
117,1315752,0.5299998,0,8,8,384,7.86,12
118,1734093,0.65999967,0,9,17,374,10.08,16
119,2136752,0.7499996,0,6,22,372,11.435,17
120,2762215,0.57999974,3,0,13,384,8.485,14
121,1935443,0.34999996,7,0,16,377,5.035,11
122,2977840,0.32,8,0,18,374,4.595,10
123,528262,0.49999982,0,6,17,377,7.415,14
124,2988376,0.9299994,7,0,10,383,14.19,20
125,652875,0.7099996,0,7,9,384,10.79,16
126,1117663,0.89999944,0,0,0,0,0.0,0
127,523628,0.46999985,6,0,5,389,6.9,12
128,2622534,0.9199994,3,2,24,371,14.045,21
129,1505932,0.87999946,0,5,15,380,13.38,19
130,1756337,0.68999964,6,0,11,383,10.64,18
131,1615996,0.4099999,4,2,14,380,5.815,11
132,1962164,0.4099999,8,0,8,384,6.08,11
133,2326963,0.37999994,9,0,8,383,5.505,11
134,1609646,0.39999992,0,6,10,384,5.705,10
135,500154,0.43999988,7,0,9,384,6.39,11
136,1959676,0.38999993,6,0,6,388,5.58,10
137,1212400,0.31,5,0,4,391,4.235,10
138,1735642,0.7399996,0,0,0,0,0.0,0
139,2157031,0.76999956,6,0,14,380,11.585,17
140,2300051,0.9599994,0,3,12,385,14.67,20
141,1600881,0.99999934,0,6,13,381,15.235,21
142,2519482,0.76999956,1,6,19,374,11.675,19
143,1768104,0.79999954,0,0,0,0,0.0,0
144,2027910,0.5499998,6,0,13,381,8.045,13
145,556061,0.5399998,6,0,6,388,7.94,13
146,836840,0.33999997,6,0,15,379,4.88,10
147,2653807,0.32999998,6,0,7,387,4.6,10
148,675207,0.76999956,0,6,12,382,11.735,18
149,1264604,0.4099999,3,4,21,372,6.045,12
150,1334552,0.56999975,0,7,5,388,8.4,16
151,2940973,0.8499995,7,0,18,375,12.86,18
152,1236667,0.97999936,0,4,10,386,14.83,21
153,2306586,0.34999996,8,0,15,377,5.07,10
154,468713,0.31,2,5,18,375,4.35,9
155,1910537,0.3,3,3,12,382,4.18,10
156,1740023,0.66999966,0,8,11,381,10.08,16
157,1766515,0.69999963,8,0,6,386,10.59,17
158,2858508,0.7399996,5,0,12,383,11.255,17
159,624334,0.77999955,0,0,0,0,0.0,0
160,717566,0.9499994,0,0,0,0,0.0,0
161,1901757,0.9299994,6,0,15,379,13.995,20
162,1021684,0.6399997,3,5,14,378,9.855,16
163,2048834,0.58999974,0,3,15,382,8.76,15
164,1378948,0.6499997,0,3,18,379,9.955,15
165,1248420,0.98999935,0,5,8,387,15.115,21
166,2313662,0.98999935,8,0,14,378,15.13,22
167,1252496,0.37999994,5,0,5,390,5.225,10
168,2249600,0.89999944,7,0,12,381,13.83,20
169,2637465,0.9499994,0,6,12,382,14.555,21
170,1154487,0.9599994,0,0,0,0,0.0,0
171,1464009,0.8199995,6,0,18,376,12.45,17
172,2162441,0.77999955,0,6,11,383,11.93,18
173,2462777,0.66999966,0,3,11,386,10.13,16
174,678366,0.78999954,4,1,14,381,11.815,17
175,963606,0.55999976,7,0,8,385,8.58,13
176,1041217,0.66999966,1,8,12,379,9.975,15
177,2948725,0.97999936,0,0,0,0,0.0,0
178,669069,0.8599995,0,0,0,0,0.0,0
179,1675802,0.5499998,7,0,9,384,8.125,13
180,526779,0.48999983,4,0,17,379,7.34,14
181,2897915,0.78999954,2,3,11,384,11.855,17
182,2147710,0.7599996,6,0,15,379,11.69,16
183,777329,0.3,4,0,7,389,4.34,9
184,1607055,0.37999994,0,6,17,377,5.51,10
185,646417,0.79999954,0,0,0,0,0.0,0
186,2771023,0.58999974,5,0,13,382,8.865,15
187,2731068,0.5099998,7,0,16,377,7.785,13
188,498048,0.4299999,6,0,9,385,6.38,12
189,2690439,0.4199999,4,1,24,371,6.25,12
190,2058183,0.6199997,0,6,16,378,9.39,15
191,1301152,0.5099998,0,6,14,380,7.61,13
192,2590745,0.87999946,0,4,15,381,13.295,18
193,1673191,0.6099997,0,0,0,0,0.0,0
194,2393113,0.5399998,0,7,22,371,8.045,14
195,596585,0.6199997,0,5,12,383,9.22,14
196,2791819,0.6299997,6,1,9,384,9.755,16
197,841730,0.35999995,6,0,8,386,5.07,11
198,468916,0.33999997,5,0,7,388,4.825,9
199,2464293,0.67999965,0,4,22,374,10.295,16
200,1436401,0.7599996,0,6,13,381,11.605,17
201,2488612,0.8099995,0,0,0,0,0.0,0
202,2793272,0.6499997,0,5,6,389,9.75,17
203,852697,0.37999994,5,0,12,383,5.53,11
204,828011,0.98999935,0,4,21,375,15.04,22
205,2679754,0.37999994,0,3,16,381,5.585,12
206,2711765,0.46999985,8,0,15,377,6.81,13
207,1579143,0.32999998,5,0,11,384,4.52,9
208,610243,0.65999967,0,6,17,377,9.87,15
209,560376,0.5499998,0,10,17,373,8.07,13
210,1588311,0.34999996,6,0,16,378,5.12,10
211,679717,0.89999944,0,0,0,0,0.0,0
212,1227792,0.32999998,0,6,14,380,4.58,10
213,2697831,0.43999988,8,0,6,386,6.345,12
214,1262854,0.39999992,6,0,13,381,5.8,11
215,2487070,0.7199996,7,0,7,386,10.765,16
216,2872273,0.7599996,7,0,20,373,11.455,16
217,939495,0.5299998,4,0,12,384,7.935,14
218,1771326,0.7199996,5,0,14,381,11.06,17
219,1360984,0.6199997,0,3,20,377,9.105,16
220,933764,0.5199998,7,0,3,390,7.905,13
221,2863446,0.7499996,5,0,17,378,11.44,17
222,1320624,0.5399998,4,2,11,383,8.0,13
223,1140804,0.8299995,0,5,15,380,12.58,18
224,2014079,0.5299998,8,0,10,382,7.725,13
225,1504569,0.9499994,0,0,0,0,0.0,0
226,1933367,0.33999997,7,0,4,389,4.69,9
227,2032431,0.56999975,5,0,18,377,8.6,16
228,1218571,0.32,0,7,19,374,4.45,11
229,1946753,0.35999995,0,5,25,370,4.99,10
230,2931650,0.8399995,4,0,16,380,12.83,18
231,2009821,0.5099998,2,2,10,386,7.62,13
232,941698,0.6099997,0,0,0,0,0.0,0
233,824621,0.32999998,8,0,16,376,4.41,9
234,2421728,0.6099997,5,0,14,381,9.24,15
235,1673703,0.5399998,7,0,8,385,8.05,14
236,1688394,0.56999975,5,0,15,380,8.475,14
237,2876737,0.76999956,0,6,12,382,11.67,18
238,2128016,0.7399996,0,5,14,381,11.015,16
239,2527193,0.78999954,1,3,20,376,11.905,17
240,2760051,0.56999975,1,2,17,380,8.45,15
241,1446050,0.79999954,0,5,15,380,12.235,18
242,1993936,0.48999983,5,0,14,381,7.12,13
243,2472036,0.69999963,0,5,14,381,10.445,16
244,2845199,0.7299996,0,7,16,377,11.14,17
245,1090767,0.8399995,0,0,0,0,0.0,0
246,712007,0.8199995,0,4,9,387,12.46,18
247,1873912,0.87999946,7,0,11,382,13.36,19
248,2842738,0.7199996,5,0,8,387,11.015,16
249,1516342,0.88999945,0,7,12,381,13.595,21
250,1808938,0.76999956,8,0,9,383,11.675,16
251,1266011,0.4299999,5,0,12,383,6.135,13
252,491639,0.37999994,7,0,6,387,5.335,11
253,2299929,0.32999998,0,5,19,376,4.795,9
254,678184,0.88999945,0,0,0,0,0.0,0
255,894389,0.45999986,7,0,4,389,6.815,13
256,1680767,0.55999976,6,0,13,381,8.35,14
257,533806,0.5199998,6,0,15,379,7.715,13
258,2629146,0.3,6,0,13,381,4.19,9
259,2703568,0.44999987,6,0,6,388,6.56,12
260,2547654,0.8199995,6,0,18,376,12.53,18
261,2602441,0.88999945,1,2,26,371,13.725,19
262,1075219,0.8099995,0,0,0,0,0.0,0
263,1337464,0.57999974,6,0,6,388,8.68,14
264,1060949,0.69999963,7,0,8,385,10.61,16
265,1382169,0.65999967,0,5,24,371,9.91,15
266,1537999,0.9199994,4,0,12,384,14.16,20
267,2559012,0.8399995,6,0,10,384,12.91,19
268,1204205,0.9399994,4,0,18,378,14.28,21
269,2586177,0.86999947,0,7,12,381,13.375,19
270,530228,0.5099998,0,6,18,376,7.45,13
271,2380109,0.5199998,8,0,2,390,7.66,14
272,716010,0.8299995,5,0,16,379,12.735,18
273,1403269,0.68999964,0,6,14,380,10.365,17
274,2074280,0.6399997,8,0,9,383,9.805,15
275,1428434,0.7299996,0,4,16,380,11.025,17
276,2333090,0.4099999,2,5,13,380,5.78,11
277,1469367,0.8299995,5,0,12,383,12.53,18
278,2313800,0.35999995,6,0,8,386,5.095,10
279,622825,0.68999964,6,0,12,382,10.38,16
280,1777044,0.7299996,8,0,4,388,11.055,16
281,2917435,0.8199995,0,6,13,381,12.49,18
282,2961086,0.86999947,0,5,11,384,13.35,20
283,2942519,0.9399994,0,0,0,0,0.0,0
284,602751,0.6299997,5,0,15,380,9.505,14
285,2506174,0.7599996,6,0,14,380,11.485,18
286,1382079,0.7499996,0,0,0,0,0.0,0
287,1296232,0.48999983,0,3,14,383,7.22,13
288,1816648,0.88999945,0,0,0,0,0.0,0
289,1601206,0.35999995,7,0,4,389,5.05,10
290,2450843,0.65999967,0,4,12,384,9.935,16
291,1962699,0.4199999,5,0,17,378,5.95,11
292,664951,0.7499996,7,0,10,383,11.385,16
293,2165317,0.78999954,6,0,9,385,12.225,17
294,1294980,0.47999984,6,0,2,392,7.13,12
295,2662631,0.9699994,6,0,14,380,14.89,21
296,1933461,0.32999998,0,10,17,373,4.605,9
297,563176,0.56999975,4,0,8,388,8.5,15
298,1161741,0.8599995,0,5,18,377,12.985,18
299,1387530,0.66999966,4,0,16,380,10.08,15
300,2388676,0.5299998,7,0,8,385,7.685,14
301,1089215,0.7399996,0,6,8,386,11.3,16
302,1638806,0.46999985,4,0,5,391,6.85,12
303,1849233,0.8599995,3,3,15,379,13.12,18
304,2435320,0.6299997,0,4,7,389,9.305,14
305,919645,0.48999983,0,5,17,378,7.335,12
306,881656,0.4299999,6,0,11,383,6.55,12
307,2399012,0.55999976,0,5,13,382,8.355,13
308,1997249,0.49999982,8,0,10,382,7.48,12
309,1924400,0.32,7,0,2,391,4.51,10
310,2219954,0.8599995,7,0,11,382,13.09,19
311,2655129,0.9599994,0,5,13,382,14.72,20
312,2496877,0.7399996,7,0,17,376,11.145,17
313,1385288,0.77999955,0,0,0,0,0.0,0
314,1257505,0.38999993,0,7,16,377,5.415,11
315,1377270,0.6399997,8,0,10,382,9.5,15
316,1231931,0.9699994,0,9,16,375,14.92,21
317,2376557,0.57999974,0,0,0,0,0.0,0
318,1265626,0.4199999,5,0,9,386,6.195,11
319,2899867,0.79999954,4,0,10,386,12.12,17
320,1119213,0.78999954,4,0,14,382,11.975,17
321,966001,0.6499997,0,0,0,0,0.0,0
322,1383694,0.76999956,0,0,0,0,0.0,0
323,2055818,0.6099997,6,0,13,381,8.975,14
324,471491,0.35999995,8,0,14,378,5.03,10
325,2709784,0.45999986,7,0,7,386,6.67,12
326,2323643,0.99999934,0,4,14,382,15.35,21
327,1105252,0.86999947,0,0,0,0,0.0,0
328,620356,0.67999965,3,1,16,380,10.26,16
329,2122572,0.7199996,6,0,15,379,11.055,16
330,521794,0.45999986,7,0,14,379,6.79,12
331,676697,0.87999946,0,0,0,0,0.0,0
332,2949791,0.98999935,0,0,0,0,0.0,0
333,566404,0.57999974,6,0,4,390,8.565,13
334,1423203,0.7199996,6,0,16,378,10.92,17
335,861535,0.39999992,2,2,15,381,5.495,11
336,525447,0.47999984,3,0,15,382,7.04,14
337,2076352,0.6499997,0,4,8,388,9.675,15
338,2654902,0.33999997,8,0,16,376,4.865,11
339,1583351,0.33999997,0,5,10,385,4.845,10
340,2328908,0.39999992,6,0,10,384,5.8,12
341,1636526,0.44999987,8,0,20,372,6.575,11
342,2290997,0.9499994,0,5,17,378,14.6,20
343,2665955,0.98999935,4,0,19,377,14.885,21
344,1642581,0.47999984,0,5,12,383,7.205,14
345,2375700,0.49999982,3,1,18,378,7.5,13
346,2416665,0.58999974,0,4,11,385,8.945,14
347,2430171,0.6199997,7,0,10,383,9.315,15
348,1114512,0.77999955,0,6,14,380,11.93,17
349,1503013,0.86999947,0,3,12,385,13.245,19
350,1349129,0.5999997,6,0,5,389,9.01,14
351,810199,0.32,6,0,12,382,4.54,11
352,1452800,0.8099995,0,5,16,379,12.285,17
353,2341379,0.4199999,0,5,14,381,6.115,11
354,2520328,0.77999955,0,8,10,382,11.745,18
355,2817060,0.67999965,0,4,10,386,10.195,16
356,1559968,0.31,6,0,13,381,4.335,9
357,2886673,0.77999955,6,0,15,379,11.775,18
358,903867,0.46999985,0,5,19,376,7.055,13
359,873173,0.4099999,3,4,24,369,5.935,10
360,615112,0.66999966,0,5,12,383,10.09,16
361,1298079,0.49999982,5,0,16,379,7.345,13
362,2037693,0.57999974,6,0,12,382,8.715,14
363,2749074,0.5499998,7,0,21,372,8.195,15
364,2289147,0.32,8,0,6,386,4.475,9
365,988882,0.68999964,0,0,0,0,0.0,0
366,2560559,0.9299994,0,0,0,0,0.0,0
367,467364,0.3,0,7,10,383,4.165,9
368,745847,0.90999943,4,1,12,383,14.18,20
369,994132,0.5999997,5,1,14,380,9.135,16
370,1592551,0.97999936,0,6,12,382,15.095,21
371,1189608,0.9199994,6,0,17,377,14.045,20
372,2443640,0.6499997,6,0,4,390,9.7,16
373,726954,0.8499995,0,6,13,381,13.095,18
374,2441622,0.6399997,7,0,15,378,9.45,15
375,2361306,0.47999984,0,4,9,387,7.085,13
376,1671587,0.5299998,7,0,6,387,7.71,13
377,2354241,0.44999987,2,5,13,380,6.54,13
378,2406958,0.56999975,0,9,15,376,8.61,14
379,2537187,0.79999954,0,4,19,377,11.985,17
380,1769646,0.8099995,0,0,0,0,0.0,0
381,2732584,0.5199998,7,0,6,387,7.735,14
382,1491512,0.8499995,6,0,14,380,12.91,18
383,1576768,0.32,0,5,19,376,4.585,9
384,2029715,0.55999976,5,0,13,382,8.25,13
385,608581,0.7299996,0,0,0,0,0.0,0
386,575047,0.5999997,0,6,13,381,9.195,14
387,1327090,0.5499998,8,0,4,388,8.245,13
388,1795437,0.7599996,4,0,11,385,11.69,17
389,1960918,0.39999992,0,5,18,377,5.77,11
390,2968792,0.88999945,4,0,16,380,13.545,20
391,1552786,0.9299994,5,0,22,373,14.08,20
392,1631148,0.43999988,8,0,10,382,6.285,11
393,2106667,0.7099996,4,0,14,382,10.69,18
394,1620462,0.4199999,7,0,15,378,5.965,11
395,469348,0.32999998,0,4,26,370,4.61,10
396,1717368,0.6199997,0,8,18,374,9.56,16
397,2254584,0.9199994,7,0,10,383,14.05,20
398,1933779,0.97999936,0,7,16,377,14.805,20
399,494888,0.4099999,6,0,3,391,5.795,12
400,2971233,0.31,0,5,23,372,4.28,10
401,1173275,0.87999946,0,6,21,373,13.47,20
402,1922979,0.9699994,6,0,14,380,14.62,21
403,1308386,0.5199998,6,0,10,384,7.625,14
404,2282381,0.9399994,8,0,10,382,14.205,21
405,847625,0.99999934,5,0,17,378,15.17,22
406,2227344,0.86999947,5,0,17,378,13.275,20
407,1705002,0.58999974,7,0,6,387,9.035,15
408,667551,0.7599996,3,0,20,377,11.57,17
409,2278990,0.3,5,1,9,385,4.045,10
410,2970468,0.3,2,4,14,380,4.405,9
411,946922,0.5399998,7,0,7,386,8.075,13
412,1103701,0.76999956,0,4,12,384,11.58,17
413,2052950,0.5999997,4,5,13,378,8.98,14
414,1534069,0.90999943,5,0,17,378,14.045,20
415,1649850,0.48999983,0,7,8,385,7.27,12
416,2183636,0.8099995,0,2,14,384,12.285,17
417,1910523,0.9499994,0,7,9,384,14.53,20
418,1244306,0.36999995,6,0,3,391,5.435,10
419,2680887,0.39999992,5,1,12,382,5.635,11
420,2981355,0.90999943,2,0,18,380,13.84,19
421,2933185,0.9199994,0,0,0,0,0.0,0
422,2274652,0.31,3,0,20,377,4.13,8
423,2233280,0.9699994,0,0,0,0,0.0,0
424,1666280,0.5199998,0,7,16,377,7.78,13
425,985225,0.57999974,6,0,5,389,8.66,14
426,2016025,0.5399998,2,5,10,383,7.95,14
427,1948703,0.98999935,4,3,9,384,15.14,22
428,2821179,0.68999964,7,0,15,378,10.455,17
429,1663549,0.5099998,0,7,12,381,7.3,13
430,2903773,0.8099995,0,6,7,387,12.29,18
431,2841212,0.7099996,4,0,9,387,10.735,16
432,2944061,0.9499994,0,0,0,0,0.0,0
433,1911160,0.9599994,5,0,17,378,14.585,22
434,879564,0.4199999,6,0,9,385,6.12,12
435,1196101,0.9299994,0,4,12,384,14.34,20
436,2746184,0.5399998,0,8,15,377,8.105,13
437,1134727,0.8199995,6,0,12,382,12.505,17
438,1284417,0.45999986,8,0,11,381,6.9,13
439,1719668,0.6399997,3,3,19,375,9.635,15
440,2647570,0.32,0,4,13,383,4.465,10
441,1829829,0.90999943,0,0,0,0,0.0,0
442,795044,0.9399994,0,4,9,387,14.42,21
443,2355669,0.45999986,5,0,13,382,6.59,12
444,1002619,0.6199997,0,4,6,390,9.32,14
445,1116124,0.88999945,0,0,0,0,0.0,0
446,2397890,0.5499998,5,0,17,378,8.38,13
447,2603956,0.99999934,0,0,0,0,0.0,0
448,2366513,0.48999983,9,0,8,383,7.22,12
449,1098031,0.7599996,5,0,14,381,11.51,17
450,812461,0.9699994,0,4,15,381,14.915,21
451,2181107,0.79999954,0,4,12,384,12.205,18
452,974217,0.56999975,3,5,7,385,8.585,14
453,1556566,0.3,0,6,9,385,3.94,9
454,1236960,0.35999995,0,4,10,386,5.07,11
455,1395985,0.67999965,5,0,9,386,10.35,16
456,1520815,0.89999944,0,6,12,382,13.97,19
457,1947822,0.36999995,4,0,15,381,5.345,10
458,778908,0.9299994,4,1,18,377,14.205,19
459,2642858,0.31,0,6,27,367,4.245,9
460,1752235,0.67999965,7,0,17,376,10.39,16
461,2566972,0.8499995,0,6,14,380,12.8,18
462,469561,0.34999996,0,6,16,378,4.875,10
463,732967,0.86999947,0,7,13,380,13.295,19
464,1288889,0.46999985,0,5,11,384,6.84,12
465,1380512,0.7399996,0,0,0,0,0.0,0
466,2977516,0.89999944,1,5,16,378,13.71,19
467,1636750,0.45999986,0,5,16,379,6.495,13
468,2592244,0.97999936,0,0,0,0,0.0,0
469,1034281,0.7499996,0,0,0,0,0.0,0
470,1978447,0.44999987,5,0,8,387,6.495,12
471,1886391,0.99999934,0,0,0,0,0.0,0
472,1279454,0.44999987,7,0,4,389,6.735,12
473,2950237,0.99999934,0,0,0,0,0.0,0
474,1236289,0.34999996,4,0,11,385,5.035,10
475,1484179,0.8399995,5,0,13,382,12.95,19
476,2374993,0.5099998,0,4,11,385,7.385,13
477,1834138,0.8399995,0,6,13,381,12.77,18
478,1949169,0.37999994,0,6,9,385,5.325,11
479,2070925,0.6299997,5,0,5,390,9.305,15
480,1605088,0.36999995,0,8,16,376,5.395,10
481,906178,0.47999984,0,4,15,381,7.13,14
482,1789168,0.7499996,2,3,27,368,11.34,17
483,1080762,0.7299996,4,0,20,376,11.21,16
484,1837137,0.8499995,6,0,9,385,12.955,19
485,1073700,0.7199996,0,6,12,382,10.94,17
486,1563631,0.9399994,2,2,21,375,14.39,21
487,1580959,0.9599994,0,6,15,379,14.785,20
488,1437907,0.8599995,0,0,0,0,0.0,0
489,468824,0.32,1,4,10,385,4.47,9
490,2210917,0.8499995,0,6,15,379,12.965,19
491,535566,0.5299998,7,0,6,387,7.88,14
492,1211508,0.9499994,0,4,5,391,14.46,20
493,569794,0.58999974,1,3,24,372,8.955,13
494,1409725,0.69999963,0,4,7,389,10.605,16
495,1815122,0.78999954,0,6,10,384,12.165,17
496,1237324,0.33999997,0,5,17,378,4.87,12
497,1717341,0.6299997,5,0,15,380,9.46,15
498,1975406,0.4299999,7,0,14,379,6.105,11
499,2722305,0.48999983,1,3,17,379,7.465,15
500,661532,0.7399996,3,2,15,380,11.21,16
501,1441127,0.78999954,3,1,11,385,11.905,17
502,1581355,0.9699994,0,6,12,382,14.695,21
503,1630294,0.4299999,0,5,15,380,6.165,12
504,2552649,0.90999943,0,0,0,0,0.0,0
505,1884899,0.89999944,6,0,17,377,13.885,19
506,2830429,0.69999963,0,4,18,378,10.69,16
507,2805431,0.65999967,0,8,15,377,9.97,15
508,2012000,0.5199998,0,4,20,376,7.715,14
509,2739697,0.5299998,5,0,10,385,7.985,14
510,576691,0.6099997,0,4,8,388,9.275,15
511,928158,0.49999982,7,0,4,389,7.53,13
512,1979517,0.45999986,0,6,21,373,6.665,12
513,2265398,0.9299994,4,0,20,376,13.925,20
514,655179,0.7199996,0,4,11,385,10.805,17
515,1607843,0.38999993,6,0,10,384,5.685,10
516,841821,0.34999996,0,8,6,386,5.165,10
517,2749871,0.55999976,0,5,18,377,8.455,14
518,2723491,0.49999982,3,2,16,379,7.255,13
519,2301929,0.33999997,7,0,10,383,4.765,10
520,1835712,0.9399994,0,0,0,0,0.0,0
521,2668248,0.35999995,8,0,3,389,5.13,12
522,2253189,0.90999943,5,0,20,375,13.915,20
523,2480322,0.7099996,7,0,13,380,10.855,17
524,2359575,0.46999985,8,0,2,390,6.94,12
525,2582053,0.8599995,4,0,15,381,13.04,18
526,1356298,0.6099997,0,8,15,377,8.985,13
527,562086,0.55999976,0,9,12,379,8.245,13
528,1066032,0.7099996,0,5,12,383,10.83,17
529,2094195,0.66999966,6,1,7,386,10.145,15
530,2781395,0.6099997,4,0,18,378,9.19,16
531,2452475,0.7499996,0,0,0,0,0.0,0
532,501058,0.44999987,8,0,12,380,6.51,12
533,803730,0.9599994,3,0,26,371,14.535,21
534,1213026,0.3,7,0,12,381,4.22,8
535,1757859,0.77999955,0,0,0,0,0.0,0
536,1371112,0.7099996,0,0,0,0,0.0,0
537,1652976,0.49999982,5,1,18,376,7.085,13
538,2492764,0.7299996,5,0,14,381,11.125,16
539,859807,0.38999993,6,0,8,386,5.82,11
540,887733,0.44999987,5,0,16,379,6.515,14
541,2126420,0.7299996,5,0,14,381,10.97,17
542,1052076,0.67999965,0,6,17,377,10.365,16
543,2186184,0.8199995,0,5,12,383,12.435,18
544,607092,0.6499997,0,7,10,383,9.875,15
545,2149268,0.8399995,0,0,0,0,0.0,0
546,494846,0.39999992,5,0,7,388,5.79,11
547,2315918,0.36999995,4,0,11,385,5.375,11
548,495394,0.4199999,3,4,16,377,5.775,11
549,957060,0.5499998,0,5,12,383,8.245,14
550,2808819,0.66999966,0,5,8,387,10.185,16
551,2198227,0.8299995,5,0,15,380,12.69,19
552,1693481,0.57999974,0,6,12,382,8.805,14
553,2083675,0.65999967,5,0,20,375,9.95,16
554,1274021,0.43999988,0,6,13,381,6.385,11
555,2964868,0.87999946,0,5,11,384,13.675,19
556,2947171,0.9699994,0,0,0,0,0.0,0
557,2948268,0.8599995,0,5,15,380,13.08,18
558,1190868,0.99999934,0,0,0,0,0.0,0
559,721509,0.8399995,0,3,9,388,12.71,19
560,809078,0.31,7,0,24,369,4.26,11
561,1828307,0.8299995,0,5,16,379,12.59,19
562,2166882,0.87999946,0,0,0,0,0.0,0
563,2341915,0.4299999,3,3,13,381,6.04,12
564,1333606,0.55999976,5,0,13,382,8.4,16
565,1991510,0.46999985,9,0,10,381,6.92,13
566,2688966,0.4099999,0,6,7,387,5.92,11
567,1009143,0.6299997,2,3,16,379,9.475,14
568,2344641,0.43999988,5,0,9,386,6.265,11
569,2793779,0.6399997,4,0,15,381,9.665,14
570,1152963,0.8499995,8,0,14,378,12.825,19
571,844057,0.36999995,0,4,17,379,5.315,12
572,1976928,0.43999988,7,1,17,375,6.34,12
573,2616590,0.89999944,3,3,15,379,13.81,20
574,702243,0.8099995,4,4,6,386,12.14,18
575,471711,0.36999995,0,8,7,385,5.415,11
576,1858002,0.86999947,0,5,8,387,13.235,18
577,1032009,0.65999967,5,0,12,383,9.96,14
578,1828805,0.8199995,8,0,17,375,12.415,17
579,2416879,0.5999997,4,0,16,380,8.85,14
580,1522344,0.98999935,0,0,0,0,0.0,0
581,1921838,0.31,0,6,15,379,4.38,9
582,2325175,0.38999993,2,1,9,388,5.645,10
583,2630709,0.9399994,6,0,11,383,14.26,22
584,1189009,0.90999943,6,0,12,382,14.0,20
585,2551147,0.8299995,5,0,9,386,12.585,18
586,747945,0.9199994,6,0,13,381,14.13,20
587,493499,0.38999993,6,0,4,390,5.48,11
588,2423326,0.68999964,0,0,0,0,0.0,0
589,2102364,0.68999964,0,6,17,377,10.59,16
590,928044,0.5099998,0,4,9,387,7.34,12
591,986487,0.58999974,0,7,13,380,8.765,14
592,606306,0.6399997,6,0,6,388,9.695,16
593,2747739,0.6199997,0,0,0,0,0.0,0
594,2772133,0.5999997,4,0,19,377,8.845,13
595,2234828,0.97999936,0,0,0,0,0.0,0
596,1124868,0.79999954,0,7,14,379,12.045,18
597,2924605,0.8299995,5,0,20,375,12.73,18
598,2662210,0.34999996,0,8,8,384,4.905,10
599,2945626,0.9599994,0,0,0,0,0.0,0
600,3150357,0.7299996,5,0,9,386,11.035,17
601,3449665,0.6499997,0,5,18,377,9.885,15
602,6497810,0.4299999,4,0,12,384,6.38,11
603,6781474,0.32999998,1,5,13,381,4.755,10
604,4863713,0.5999997,7,0,9,384,9.04,14
605,7043296,0.86999947,3,2,11,384,13.165,19
606,7269724,0.67999965,0,7,16,377,10.35,15
607,5460951,0.4099999,4,0,3,393,5.94,11
608,6666240,0.86999947,0,0,0,0,0.0,0
609,7721075,0.9199994,0,4,14,382,13.995,20
610,6241428,0.6099997,7,0,6,387,8.985,14
611,3459942,0.66999966,4,0,14,382,10.095,16
612,7328068,0.76999956,6,0,19,375,11.635,18
613,6344489,0.79999954,4,0,11,385,12.005,18
614,3744173,0.39999992,6,0,11,383,5.69,11
615,3234234,0.8599995,3,0,21,376,13.265,20
616,6981353,0.7499996,5,0,14,381,11.305,16
617,4173375,0.58999974,0,7,14,379,8.69,13
618,5320176,0.76999956,6,0,13,381,11.655,16
619,7303160,0.7399996,3,1,8,388,11.005,16
620,7369111,0.9599994,0,0,0,0,0.0,0
621,4417419,0.43999988,1,3,14,382,6.13,11
622,7411023,0.31,0,6,8,386,4.28,9
623,6415235,0.88999945,6,0,9,385,13.71,20
624,3948669,0.77999955,4,0,19,377,12.01,18
625,7743781,0.9499994,6,0,10,384,14.47,20
626,3908384,0.68999964,0,5,16,379,10.39,17
627,4725627,0.9699994,0,6,16,378,14.825,21
628,7121170,0.99999934,0,4,13,383,15.37,21
629,3785473,0.47999984,4,0,22,374,6.935,12
630,5220377,0.6099997,0,7,17,376,9.12,14
631,3024516,0.45999986,0,5,11,384,6.62,13
632,3064303,0.55999976,7,0,9,384,8.36,14
633,3705991,0.32999998,6,0,7,387,4.515,9
634,4127795,0.49999982,5,0,9,386,7.46,13
635,5067954,0.9199994,0,5,10,385,14.175,20
636,5284657,0.7299996,0,4,23,373,11.16,17
637,6270706,0.7499996,0,0,0,0,0.0,0
638,6508233,0.44999987,5,0,2,393,6.47,11
639,7152201,0.44999987,4,0,9,387,6.585,12
640,5490173,0.47999984,0,6,15,379,7.04,12
641,5482978,0.45999986,9,0,14,377,6.61,12
642,3796304,0.49999982,7,0,11,382,7.37,12
643,6373906,0.8299995,6,0,16,378,12.63,19
644,7639836,0.78999954,2,1,25,372,11.89,18
645,2997479,0.4199999,6,1,19,374,6.09,12
646,6125605,0.34999996,5,2,13,380,4.91,10
647,6492422,0.4099999,6,0,8,386,5.99,11
648,7044375,0.8599995,0,3,11,386,13.055,19
649,7230672,0.6199997,3,0,18,379,9.355,16
650,2971000,0.31,0,5,19,376,4.175,9
651,5245162,0.66999966,0,4,11,385,10.0,16
652,7278701,0.69999963,0,6,7,387,10.565,16
653,3435677,0.6199997,0,2,12,386,9.31,14
654,3075009,0.6099997,9,0,6,385,9.01,16
655,7542921,0.68999964,0,0,0,0,0.0,0
656,7598608,0.7199996,0,4,12,384,11.065,17
657,7296804,0.7299996,0,4,17,379,10.955,16
658,5054436,0.89999944,9,0,19,372,13.71,19
659,3034341,0.5299998,5,0,11,384,7.645,14
660,4716110,0.9599994,0,2,13,385,14.615,21
661,4310057,0.9599994,0,0,0,0,0.0,0
662,5800615,0.4099999,7,0,5,388,6.065,11
663,6533588,0.5199998,0,5,12,383,7.7,14
664,7009109,0.79999954,0,3,18,379,12.045,17
665,5935675,0.7099996,9,0,12,379,10.5,15
666,6160242,0.43999988,0,6,11,383,6.325,11
667,4063628,0.33999997,0,5,21,374,4.545,9
668,7127691,0.38999993,6,0,14,380,5.55,11
669,5886845,0.6099997,6,0,12,382,9.135,14
670,5275127,0.7099996,7,0,7,386,10.66,16
671,6760985,0.3,0,6,20,374,4.17,9
672,3888874,0.65999967,0,8,9,383,10.215,15
673,6435702,0.31,0,5,5,390,4.315,9
674,4055341,0.32,6,0,14,380,4.35,9
675,6982855,0.8499995,0,0,0,0,0.0,0
676,3063018,0.6399997,0,0,0,0,0.0,0
677,4446067,0.56999975,0,0,0,0,0.0,0
678,5322869,0.77999955,2,2,25,371,11.69,18
679,6349434,0.8099995,5,0,11,384,12.33,18
680,3251141,0.89999944,8,0,16,376,13.77,20
681,6925729,0.7199996,0,0,0,0,0.0,0
682,3932548,0.7299996,7,0,9,384,11.135,17
683,4233889,0.79999954,0,0,0,0,0.0,0
684,3452225,0.65999967,6,0,17,377,9.7,15
685,6737580,0.98999935,0,0,0,0,0.0,0
686,7347737,0.9199994,0,0,0,0,0.0,0
687,4801128,0.46999985,0,6,19,375,6.935,13
688,6796421,0.36999995,7,0,4,389,5.355,11
689,5119141,0.38999993,5,0,13,382,5.535,11
690,4388803,0.35999995,4,0,21,375,5.27,10
691,5823065,0.47999984,6,0,7,387,7.16,11
692,6324376,0.7599996,4,0,14,382,11.485,17
693,4295362,0.8199995,0,5,8,387,12.32,20
694,4352571,0.89999944,5,0,27,368,13.73,19
695,6768021,0.32,6,0,12,382,4.465,10
696,6185506,0.49999982,4,2,13,381,7.28,13
697,6924150,0.6399997,0,6,15,379,9.565,15
698,4186066,0.6099997,0,6,15,379,9.1,14
699,5117483,0.37999994,6,0,17,377,5.6,12
700,6300012,0.7199996,7,0,19,374,10.755,17
701,4315138,0.8599995,0,3,16,381,13.06,19
702,6408682,0.98999935,0,0,0,0,0.0,0
703,3747553,0.4099999,0,5,15,380,5.88,11
704,4771979,0.39999992,7,0,6,387,5.675,13
705,3988501,0.8299995,0,5,9,386,12.795,18
706,4061939,0.9599994,6,0,16,378,14.585,21
707,3000658,0.43999988,8,0,11,381,6.57,12
708,7580693,0.66999966,8,0,13,379,10.17,16
709,5147861,0.45999986,7,0,9,384,6.745,13
710,6452748,0.32999998,6,0,10,384,4.535,9
711,4529083,0.66999966,4,0,12,384,9.91,15
712,3362020,0.46999985,0,6,11,383,6.75,11
713,4075298,0.35999995,6,0,4,390,5.185,11
714,5398505,0.90999943,0,6,11,383,13.905,20
715,5756006,0.9399994,6,0,17,377,14.38,21
716,5519060,0.5399998,0,7,9,384,7.9,13
717,5812719,0.45999986,8,0,6,386,6.625,12
718,3070549,0.58999974,0,6,19,375,8.935,14
719,6101936,0.9499994,9,0,7,384,14.505,20
720,4713089,0.9499994,0,6,13,381,14.67,20
721,4757049,0.35999995,0,6,10,384,5.22,10
722,5892445,0.6299997,0,4,15,381,9.685,16
723,3124707,0.7199996,5,0,16,379,11.05,16
724,3000511,0.44999987,0,7,10,383,6.46,12
725,6806867,0.97999936,0,4,18,378,15.1,22
726,5479129,0.44999987,0,4,16,380,6.72,12
727,4068228,0.34999996,0,5,12,383,5.065,11
728,5957418,0.7399996,0,8,13,379,11.075,17
729,4111229,0.44999987,8,0,0,392,6.28,11
730,5591507,0.67999965,7,0,11,382,10.385,17
731,6739060,0.99999934,0,0,0,0,0.0,0
732,6423024,0.89999944,5,0,19,376,13.6,19
733,2970506,0.32999998,5,0,12,383,4.695,9
734,3439654,0.6299997,7,0,8,385,9.45,15
735,4384516,0.34999996,0,6,15,379,4.805,12
736,6200739,0.5299998,6,0,7,387,7.87,14
737,4568954,0.7299996,0,6,15,379,11.085,16
738,5999609,0.89999944,0,0,0,0,0.0,0
739,2969659,0.33999997,4,1,11,384,4.87,10
740,4117953,0.46999985,0,6,9,385,6.94,13
741,5201832,0.57999974,5,0,8,387,8.695,14
742,3881190,0.6499997,6,0,10,384,9.89,16
743,5098699,0.34999996,6,0,9,385,4.895,10
744,3405113,0.56999975,1,4,19,376,8.36,14
745,5782038,0.37999994,9,0,3,388,5.365,10
746,7547841,0.6099997,0,5,9,386,9.13,15
747,7005031,0.89999944,0,0,0,0,0.0,0
748,4161092,0.56999975,5,0,11,384,8.54,14
749,4732832,0.31,2,7,21,370,4.285,9
750,7728580,0.9299994,2,1,17,380,14.22,21
751,7052259,0.87999946,0,3,13,384,13.365,19
752,7494423,0.49999982,3,0,9,388,7.29,12
753,4763006,0.37999994,4,0,20,376,5.28,10
754,5536296,0.57999974,6,0,5,389,8.44,13
755,7641356,0.88999945,0,0,0,0,0.0,0
756,5870856,0.56999975,7,0,3,390,8.555,14
757,4593758,0.8499995,0,0,0,0,0.0,0
758,7434671,0.34999996,7,0,13,380,4.875,10
759,4204655,0.6499997,2,3,9,386,9.925,16
760,4858825,0.58999974,5,0,10,385,8.955,15
761,6607153,0.6499997,0,6,11,383,9.635,16
762,7426323,0.9399994,0,5,11,384,14.455,20
763,6616901,0.66999966,5,0,12,383,10.155,16
764,3059639,0.5399998,7,0,14,379,7.905,12
765,4146020,0.5299998,0,4,13,383,7.91,14
766,5458647,0.39999992,6,0,12,382,5.875,11
767,7582220,0.76999956,0,0,0,0,0.0,0
768,6408650,0.87999946,6,1,11,382,13.27,19
769,3444740,0.7299996,0,0,0,0,0.0,0
770,4308845,0.9499994,0,0,0,0,0.0,0
771,6039837,0.8599995,0,8,7,385,13.14,20
772,6916121,0.6299997,2,4,15,379,9.335,14
773,5774115,0.35999995,0,9,5,386,4.89,10
774,3485687,0.7099996,8,0,7,385,10.665,16
775,5575796,0.65999967,5,0,18,377,9.935,15
776,6512346,0.45999986,5,0,7,388,6.76,12
777,4328193,0.87999946,5,0,25,370,13.46,20
778,5513550,0.5299998,5,0,14,381,7.76,14
779,3397740,0.5499998,0,5,15,380,8.245,14
780,6195205,0.5199998,7,0,16,377,7.73,13
781,3303523,0.9699994,5,3,23,369,14.89,21
782,5711685,0.86999947,1,4,14,381,13.27,19
783,4411723,0.4099999,0,6,22,372,6.04,12
784,6632899,0.78999954,0,0,0,0,0.0,0
785,7670154,0.8499995,0,4,17,379,13.05,18
786,4380935,0.33999997,0,7,21,372,4.81,10
787,3777198,0.45999986,8,0,8,384,6.795,13
788,7595722,0.7099996,5,0,18,377,10.775,18
789,3205569,0.8099995,0,5,13,382,12.37,17
790,4011159,0.8599995,0,4,15,381,13.28,19
791,3061535,0.6199997,0,0,0,0,0.0,0
792,5373216,0.87999946,0,4,13,383,13.5,20
793,6669549,0.7599996,0,6,11,383,11.635,18
794,4474801,0.55999976,6,0,10,384,8.355,13
795,5102432,0.35999995,0,6,20,374,5.175,10
796,7238324,0.6399997,8,0,3,389,9.435,17
797,5885453,0.68999964,0,0,0,0,0.0,0
798,4997443,0.8199995,10,0,7,383,12.43,19
799,7462438,0.4199999,3,3,5,389,6.135,11
800,5945353,0.7299996,4,2,15,379,11.065,17
801,5094780,0.9499994,5,0,21,374,14.62,21
802,6223358,0.56999975,0,8,2,390,8.71,14
803,5045311,0.88999945,4,0,16,380,13.67,21
804,6963528,0.69999963,0,5,12,383,10.665,16
805,7343679,0.79999954,7,0,6,387,12.185,17
806,3980412,0.8199995,5,0,20,375,12.365,18
807,6456966,0.9299994,7,1,12,380,14.245,22
808,5432473,0.33999997,8,0,3,389,4.83,10
809,4892618,0.65999967,0,7,9,384,10.01,15
810,3780690,0.46999985,0,7,14,379,6.805,12
811,5177418,0.5199998,5,0,11,384,7.815,13
812,6860631,0.5199998,4,3,18,375,7.69,13
813,6826497,0.43999988,10,0,10,380,6.345,11
814,3183637,0.87999946,0,0,0,0,0.0,0
815,5706938,0.8599995,7,0,14,379,12.99,18
816,6468769,0.35999995,6,0,16,378,5.255,10
817,5443982,0.36999995,6,0,3,391,5.295,11
818,6631323,0.68999964,4,0,12,384,10.37,16
819,6865317,0.5299998,3,1,15,381,8.065,15
820,7411240,0.90999943,0,6,7,387,13.815,19
821,6527319,0.49999982,5,0,23,372,7.405,13
822,7150603,0.43999988,6,0,10,384,6.44,13
823,6717788,0.9599994,0,0,0,0,0.0,0
824,7604860,0.7299996,0,5,18,377,10.95,16
825,5142923,0.43999988,9,0,1,390,6.315,12
826,4463656,0.5399998,4,0,13,383,8.055,13
827,7085739,0.31,1,8,7,384,4.3,9
828,4818563,0.5099998,0,5,14,381,7.29,13
829,4263278,0.86999947,0,0,0,0,0.0,0
830,3320694,0.36999995,8,0,9,383,5.25,11
831,3031147,0.49999982,0,8,23,369,7.48,12
832,3162861,0.7599996,0,7,13,380,11.545,17
833,3736924,0.37999994,6,0,9,385,5.59,10
834,3369617,0.49999982,4,0,13,383,7.235,12
835,5966780,0.7499996,4,0,13,383,11.295,16
836,6180495,0.47999984,7,0,8,385,6.95,12
837,5075436,0.31,0,4,20,376,4.285,9
838,4237338,0.69999963,3,4,17,376,10.515,18
839,3698801,0.32,3,0,16,381,4.55,10
840,7501359,0.5199998,5,0,6,389,7.69,13
841,3555166,0.79999954,0,5,14,381,12.14,17
842,4232359,0.68999964,3,2,4,391,10.335,16
843,4492406,0.6099997,0,6,11,383,9.22,16
844,4516726,0.6399997,0,6,10,384,9.765,15
845,7246639,0.6499997,4,0,14,382,10.04,16
846,4090348,0.4099999,0,6,8,386,5.895,11
847,5786512,0.38999993,5,0,10,385,5.685,12
848,7570018,0.65999967,2,3,10,385,9.86,15
849,7684615,0.86999947,0,6,9,385,13.2,19
850,5162538,0.49999982,0,5,17,378,7.53,12
851,5125748,0.4099999,6,0,6,388,6.005,12
852,4667513,0.86999947,0,6,11,383,13.38,19
853,7186912,0.5299998,0,4,12,384,7.87,13
854,7317037,0.7499996,3,2,16,379,11.395,16
855,4285077,0.78999954,0,7,10,383,12.105,17
856,7496280,0.5099998,7,0,11,382,7.505,12
857,4894617,0.66999966,0,4,16,380,10.205,17
858,4528207,0.65999967,0,7,19,374,9.865,16
859,6845854,0.48999983,0,5,12,383,7.36,13
860,6242704,0.6199997,7,0,13,380,9.1,16
861,4008302,0.8499995,0,7,15,378,12.88,19
862,4459440,0.5299998,0,4,13,383,7.935,13
863,4039896,0.3,8,0,22,370,4.145,9
864,5113150,0.36999995,0,4,17,379,5.24,10
865,5268451,0.69999963,0,4,21,375,10.615,17
866,7462747,0.4299999,0,4,15,381,6.09,13
867,6980145,0.7399996,0,4,12,384,11.205,17
868,7438088,0.36999995,7,0,4,389,5.205,11
869,7471182,0.44999987,6,0,8,386,6.62,13
870,3764665,0.43999988,6,0,10,384,6.395,12
871,3669400,0.9299994,6,0,17,377,14.375,22
872,6381093,0.8399995,5,0,26,369,12.84,18
873,6608666,0.7299996,0,0,0,0,0.0,0
874,3182120,0.79999954,0,7,12,381,12.3,17
875,6573889,0.5999997,6,0,13,381,8.9,14
876,4082375,0.9699994,0,7,9,384,14.85,22
877,3311458,0.98999935,7,0,16,377,15.2,21
878,7642873,0.89999944,0,0,0,0,0.0,0
879,2996557,0.4099999,7,0,3,390,5.815,13
880,3239169,0.86999947,6,0,19,375,13.295,19
881,5329644,0.78999954,0,7,5,388,11.855,18
882,5617896,0.7299996,6,0,13,381,11.07,18
883,6838710,0.45999986,0,9,18,373,6.835,12
884,3228158,0.8499995,0,6,14,380,12.915,20
885,5355677,0.9499994,0,0,0,0,0.0,0
886,4386159,0.98999935,0,5,13,382,15.19,21
887,4922917,0.7099996,3,0,18,379,10.71,17
888,6262301,0.6399997,5,0,4,391,9.54,14
889,7750917,0.34999996,6,0,14,380,4.82,11
890,3106703,0.6499997,0,7,15,378,9.84,16
891,4107021,0.43999988,0,4,11,385,6.29,13
892,4407311,0.39999992,5,0,7,388,5.785,11
893,3991512,0.8399995,5,0,14,381,12.82,19
894,6457994,0.33999997,0,4,8,388,4.825,11
895,3681912,0.31,7,0,19,374,4.33,10
896,4358019,0.31,0,5,18,377,4.195,10
897,5120676,0.39999992,4,1,11,384,5.69,11
898,4272652,0.7599996,0,4,11,385,11.485,16
899,5836109,0.5099998,0,4,14,382,7.555,13
900,4987099,0.8099995,1,4,12,383,12.335,18
901,7381616,0.97999936,0,0,0,0,0.0,0
902,5940662,0.7199996,0,4,16,380,10.785,17
903,4120223,0.47999984,5,0,13,382,7.175,13
904,5003227,0.8299995,4,1,11,384,12.565,18
905,5737822,0.3,4,1,24,371,4.135,9
906,6639158,0.69999963,2,3,20,375,10.56,16
907,3028079,0.47999984,4,0,10,386,7.145,12
908,2997923,0.4299999,6,0,11,383,6.06,11
909,3207492,0.90999943,0,0,0,0,0.0,0
910,5442145,0.35999995,7,0,18,375,5.25,10
911,5755003,0.32,5,0,13,382,4.595,9
912,3185084,0.88999945,0,0,0,0,0.0,0
913,4196119,0.6299997,6,0,18,376,9.28,14
914,4675008,0.87999946,0,6,19,375,13.53,19
915,6292421,0.69999963,4,0,14,382,10.625,16
916,6620793,0.67999965,0,7,19,374,10.25,17
917,5408623,0.31,7,0,18,375,4.43,9
918,4841069,0.55999976,0,7,19,374,8.325,14
919,5226671,0.6299997,0,4,6,390,9.375,14
920,5362397,0.86999947,3,1,18,378,13.27,19
921,4254456,0.7299996,0,4,16,380,11.16,17
922,6811018,0.39999992,0,6,11,383,5.65,12
923,4112449,0.45999986,0,6,10,384,6.595,12
924,5354204,0.8399995,5,2,2,391,12.855,18
925,7735688,0.9399994,5,0,18,377,14.385,21
926,5987202,0.86999947,0,0,0,0,0.0,0
927,6235472,0.5999997,0,6,6,388,8.82,13
928,6819459,0.4199999,5,0,9,386,6.215,12
929,3318208,0.35999995,4,0,13,383,5.035,12
930,7638437,0.77999955,5,0,16,379,11.81,16
931,3273804,0.9199994,4,0,12,384,13.975,20
932,5135080,0.4299999,5,0,9,386,6.265,13
933,3358427,0.45999986,8,0,9,383,6.705,12
934,7046296,0.98999935,0,0,0,0,0.0,0
935,6278781,0.66999966,6,0,21,373,10.15,16
936,7027156,0.8299995,5,3,15,377,12.55,18
937,7710534,0.90999943,3,0,20,377,13.98,21
938,6661792,0.7399996,4,0,18,378,11.25,16
939,4140030,0.5199998,0,4,18,378,7.64,14
940,4808102,0.48999983,4,3,15,378,7.195,12
941,3222835,0.8399995,7,0,8,385,12.83,18
942,6166051,0.45999986,0,6,12,382,6.68,13
943,6672037,0.76999956,5,0,19,376,11.59,18
944,6981716,0.8399995,0,0,0,0,0.0,0
945,7077595,0.3,4,2,12,382,4.155,9
946,7235118,0.6299997,5,0,23,372,9.55,15
947,6088782,0.9399994,0,3,9,388,14.18,19
948,5115267,0.98999935,3,0,28,369,15.265,21
949,5623738,0.7399996,0,5,7,388,11.27,17
950,5286152,0.8199995,0,0,0,0,0.0,0
951,6947588,0.67999965,0,6,18,376,10.21,14
952,4490181,0.5999997,7,0,5,388,9.11,15
953,3601076,0.86999947,0,4,18,378,13.245,20
954,7117002,0.97999936,2,2,26,370,14.745,21
955,3342325,0.4299999,0,4,5,391,6.135,12
956,7609681,0.8299995,0,0,0,0,0.0,0
957,2995070,0.38999993,0,6,13,381,5.7,11
958,4086866,0.38999993,5,0,8,387,5.615,12
959,5151888,0.47999984,0,7,17,376,6.915,13
960,3100840,0.6299997,5,0,13,382,9.41,16
961,5780548,0.98999935,5,0,13,382,15.14,20
962,5610586,0.7199996,7,0,17,376,10.92,17
963,4291878,0.90999943,0,0,0,0,0.0,0
964,5932007,0.69999963,5,0,11,384,10.575,16
965,4261794,0.7399996,0,4,10,386,11.305,18
966,7176999,0.49999982,5,0,11,384,7.325,14
967,3642585,0.90999943,6,0,11,383,13.63,19
968,5958907,0.8199995,0,0,0,0,0.0,0
969,3109424,0.65999967,6,0,13,381,10.1,15
970,5772765,0.34999996,7,0,6,387,4.85,9
971,7434858,0.35999995,0,7,8,385,5.055,11
972,7525348,0.56999975,4,0,10,386,8.4,13
973,6159374,0.4299999,8,0,5,387,6.4,11
974,4051633,0.9399994,4,4,16,376,14.43,22
975,4147938,0.5399998,0,7,9,384,7.93,14
976,4602589,0.77999955,0,7,12,381,11.885,17
977,7475276,0.46999985,6,0,9,385,6.73,13
978,3067598,0.66999966,0,0,0,0,0.0,0
979,5633593,0.7599996,0,3,11,386,11.575,18
980,6280296,0.76999956,0,0,0,0,0.0,0
981,6482486,0.38999993,6,1,2,391,5.5,12
982,2970233,0.3,5,2,6,387,4.205,10
983,6387537,0.8499995,0,5,17,378,13.075,19
984,6938270,0.66999966,0,7,20,373,9.975,15
985,7729104,0.3,6,0,19,375,4.06,8
986,6334576,0.77999955,0,3,19,378,11.75,18
987,4822293,0.5199998,0,5,14,381,7.81,13
988,3975906,0.9199994,0,0,0,0,0.0,0
989,6995186,0.77999955,6,0,12,382,12.0,17
990,7191370,0.5399998,5,1,13,381,7.95,13
991,4745203,0.97999936,9,0,13,378,14.995,21
992,5452704,0.37999994,3,4,22,371,5.28,10
993,5560074,0.6199997,0,3,17,380,9.325,15
994,3680509,0.9499994,3,3,7,387,14.44,20
995,5179719,0.5299998,0,4,5,391,8.025,14
996,7183126,0.5099998,8,0,5,387,7.7,14
997,4154623,0.5499998,0,7,10,383,8.255,13
998,4014152,0.98999935,0,0,0,0,0.0,0
999,7624289,0.7599996,5,0,12,383,11.46,17
1000,3626302,0.89999944,0,4,18,378,13.755,20
1001,7366035,0.8399995,5,0,18,377,12.865,18
1002,3375291,0.5099998,0,5,22,373,7.685,13
1003,5299698,0.8499995,0,0,0,0,0.0,0
1004,3841268,0.57999974,4,3,7,386,8.5,15
1005,6676044,0.77999955,6,0,9,385,11.95,18
1006,4337920,0.88999945,6,0,22,372,13.56,21
1007,6890982,0.57999974,4,0,11,385,8.65,15
1008,7473128,0.45999986,0,7,16,377,6.715,12
1009,3541794,0.78999954,6,0,10,384,12.06,17
1010,6552964,0.5499998,0,6,13,381,8.145,14
1011,4405616,0.38999993,0,6,18,376,5.67,11
1012,4936334,0.7299996,0,8,10,382,11.015,16
1013,5740118,0.90999943,0,6,17,377,13.85,19
1014,6405688,0.9699994,0,0,0,0,0.0,0
1015,4709677,0.9399994,2,2,13,383,14.275,21
1016,3726280,0.98999935,0,5,13,382,14.98,21
1017,5434208,0.34999996,0,6,19,375,4.855,9
1018,5803364,0.4299999,6,0,6,388,6.19,12
1019,5185985,0.5499998,4,0,9,387,8.135,14
1020,4769530,0.99999934,3,0,27,370,15.325,21
1021,3968792,0.87999946,0,0,0,0,0.0,0
1022,3847016,0.58999974,0,6,8,386,8.955,14
1023,6703781,0.8299995,5,0,13,382,12.62,18
1024,6135715,0.36999995,0,7,20,373,5.225,10
1025,3893472,0.7599996,0,0,0,0,0.0,0
1026,3031345,0.5099998,7,0,16,377,7.51,12
1027,4775921,0.4099999,0,5,8,387,5.9,11
1028,4967588,0.8599995,0,0,0,0,0.0,0
1029,6644219,0.7099996,0,6,15,379,10.62,16
1030,4364780,0.9299994,4,1,18,377,14.425,20
1031,3517500,0.76999956,4,0,14,382,11.64,16
1032,2971043,0.35999995,7,0,17,376,5.295,11
1033,3603110,0.9599994,0,0,0,0,0.0,0
1034,7106963,0.33999997,0,7,6,387,4.715,9
1035,3974391,0.90999943,0,0,0,0,0.0,0
1036,7754880,0.97999936,3,2,13,382,15.295,21
1037,3891935,0.7499996,0,0,0,0,0.0,0
1038,4911197,0.68999964,6,0,10,384,10.395,16
1039,6287538,0.68999964,0,4,14,382,10.345,16
1040,4537436,0.68999964,5,0,14,381,10.25,16
1041,6595555,0.6299997,2,2,11,385,9.445,14
1042,5567546,0.6299997,0,6,13,381,9.47,14
1043,5029130,0.86999947,4,0,13,383,13.125,18
1044,6663282,0.8499995,0,0,0,0,0.0,0
1045,5046776,0.99999934,0,0,0,0,0.0,0
1046,7618825,0.7499996,0,4,15,381,11.395,16
1047,7383072,0.98999935,0,0,0,0,0.0,0
1048,3419973,0.5999997,0,4,15,381,9.12,15
1049,4310319,0.9699994,0,0,0,0,0.0,0
1050,5701673,0.9599994,0,0,0,0,0.0,0
1051,6807668,0.38999993,0,6,13,381,5.675,11
1052,5428095,0.32999998,0,8,15,377,4.5,9
1053,3832121,0.55999976,5,0,8,387,8.31,13
1054,3476372,0.69999963,4,3,9,384,10.665,17
1055,4506315,0.6299997,4,0,19,377,9.49,15
1056,7083667,0.9299994,0,6,12,382,14.495,20
1057,5150096,0.46999985,5,0,14,381,6.83,12
1058,5544319,0.58999974,1,1,16,382,9.0,13
1059,7145074,0.4199999,0,5,6,389,6.235,12
1060,3861361,0.6099997,5,2,17,376,9.155,14
1061,6053755,0.88999945,3,1,17,379,13.425,20
1062,2968995,0.32,7,0,0,393,4.545,10
1063,5727579,0.87999946,5,0,16,379,13.54,19
1064,5078208,0.9399994,0,5,9,386,14.21,20
1065,6444450,0.32,6,0,12,382,4.455,9
1066,6813167,0.4099999,8,1,4,387,5.935,11
1067,3922111,0.7099996,5,0,15,380,10.64,17
1068,6165806,0.44999987,5,1,18,376,6.455,12
1069,7455997,0.4099999,0,7,7,386,6.19,11
1070,3875977,0.6399997,3,1,17,379,9.715,15
1071,5488199,0.46999985,7,0,7,386,7.05,12
1072,7441347,0.37999994,9,0,10,381,5.41,11
1073,3819622,0.5299998,0,7,15,378,7.9,13
1074,3273894,0.3,5,2,4,389,4.165,9
1075,3828691,0.5499998,0,6,11,383,8.175,13
1076,4582936,0.7499996,0,7,11,382,11.46,17
1077,5021706,0.8499995,0,7,5,388,13.125,18
1078,6126017,0.97999936,0,4,12,384,15.085,21
1079,5845564,0.5299998,0,6,11,383,7.77,14
1080,3338186,0.4199999,0,6,20,374,6.01,11
1081,5092116,0.32999998,6,0,3,391,4.67,11
1082,4211102,0.65999967,1,2,19,378,9.89,16
1083,4218086,0.66999966,6,0,10,384,10.08,17
1084,4568734,0.7199996,6,3,15,376,11.08,17
1085,4094985,0.4199999,0,8,28,364,5.93,11
1086,3497941,0.8199995,0,0,0,0,0.0,0
1087,6563238,0.56999975,4,0,21,375,8.365,14
1088,7686165,0.9699994,0,0,0,0,0.0,0
1089,4748925,0.98999935,0,4,13,383,15.285,23
1090,6446333,0.9199994,0,4,7,389,13.95,20
1091,7124039,0.37999994,3,0,16,381,5.28,9
1092,3364439,0.47999984,0,6,11,383,6.995,12
1093,7541341,0.5999997,4,0,13,383,8.91,15
1094,6136323,0.37999994,6,0,4,390,5.575,11
1095,4078879,0.36999995,0,4,13,383,5.24,11
1096,4693187,0.90999943,7,0,16,377,13.875,20
1097,6691741,0.79999954,8,0,14,378,12.18,19
1098,5187671,0.55999976,6,0,12,382,8.335,15
1099,3114403,0.68999964,8,0,11,381,10.38,16
1100,6168233,0.46999985,5,0,15,380,6.93,12
1101,7367576,0.9499994,0,0,0,0,0.0,0
1102,7652375,0.79999954,3,2,8,387,12.08,18
1103,7732900,0.31,3,2,15,380,4.255,10
1104,6055265,0.98999935,0,0,0,0,0.0,0
1105,3414875,0.58999974,6,0,16,378,8.945,15
1106,3503808,0.8399995,0,0,0,0,0.0,0
1107,6519305,0.47999984,0,5,17,378,7.225,13
1108,7225991,0.5999997,4,0,19,377,9.055,16
1109,6953514,0.68999964,4,1,13,382,10.46,15
1110,7567330,0.6499997,5,0,8,387,9.675,15
1111,5669344,0.88999945,0,0,0,0,0.0,0
1112,7132592,0.39999992,0,6,14,380,5.685,12
1113,7025569,0.8199995,0,6,13,381,12.57,18
1114,5763753,0.33999997,0,5,12,383,4.835,9
1115,7109423,0.34999996,5,0,12,383,5.015,9
1116,6338582,0.78999954,0,4,13,383,12.09,18
1117,6800359,0.37999994,6,2,12,380,5.335,10
1118,4695294,0.9199994,0,4,20,376,13.995,20
1119,7155425,0.45999986,0,5,18,377,6.875,12
1120,4102066,0.4299999,5,0,11,384,6.13,11
1121,4832159,0.5399998,3,2,13,382,7.95,13
1122,6775000,0.9399994,0,5,11,384,14.24,21
1123,6739974,0.89999944,4,0,21,375,13.815,19
1124,5573165,0.6499997,0,6,11,383,9.89,15
1125,6567571,0.57999974,7,0,19,374,8.805,15
1126,4088421,0.39999992,0,6,21,373,5.845,11
1127,4517191,0.6499997,5,0,12,383,9.5,14
1128,5464862,0.4199999,0,7,8,385,6.0,12
1129,7184709,0.5199998,7,0,16,377,7.58,13
1130,5681731,0.8199995,4,2,15,379,12.595,18
1131,3790404,0.48999983,0,6,19,375,7.12,13
1132,4198761,0.6399997,0,6,14,380,9.52,15
1133,3755637,0.4299999,0,6,9,385,6.08,11
1134,4414071,0.4199999,8,0,13,379,5.995,11
1135,4535301,0.67999965,6,0,14,380,10.24,15
1136,4734725,0.32,0,4,23,373,4.405,10
1137,6557012,0.55999976,7,0,8,385,8.445,14
1138,5093865,0.33999997,3,0,21,376,4.875,10
1139,7427843,0.33999997,0,4,20,376,4.6,10
1140,4180650,0.5999997,5,0,15,380,9.02,15
1141,4829977,0.6099997,0,0,0,0,0.0,0
1142,4499690,0.6199997,0,6,15,379,9.385,15
1143,5184485,0.6199997,0,0,0,0,0.0,0
1144,5998091,0.79999954,6,0,16,378,12.255,17
1145,6530340,0.5099998,4,0,15,381,7.445,12
1146,6928756,0.6499997,1,4,12,383,9.745,16
1147,5168314,0.5099998,0,6,14,380,7.465,13
1148,4837985,0.5499998,0,9,12,379,8.205,13
1149,4848768,0.57999974,7,0,11,382,8.46,14
1150,4638777,0.8199995,6,0,10,384,12.48,18
1151,7442552,0.9699994,0,5,14,381,14.88,21
1152,6494447,0.4199999,7,0,9,384,6.145,11
1153,7273270,0.68999964,0,5,11,384,10.45,16
1154,5847850,0.5399998,5,0,5,390,7.99,13
1155,7750552,0.9599994,5,0,18,377,14.96,22
1156,3809736,0.5199998,8,0,8,384,7.47,13
1157,6714725,0.8399995,6,0,17,377,12.69,18
1158,6112033,0.32999998,7,0,13,380,4.705,10
1159,5555327,0.6099997,5,3,17,375,9.205,15
1160,6035793,0.8499995,3,0,13,384,13.07,18
1161,3739780,0.38999993,0,6,12,382,5.505,11
1162,4959164,0.7599996,0,4,13,383,11.575,19
1163,5810791,0.44999987,6,0,6,388,6.605,12
1164,5032108,0.9699994,0,0,0,0,0.0,0
1165,3583571,0.8499995,3,0,14,383,12.64,18
1166,3927561,0.7199996,0,6,11,383,10.81,16
1167,7536346,0.58999974,0,4,15,381,8.77,14
1168,3033625,0.5199998,5,0,10,385,7.69,12
1169,3615808,0.88999945,4,0,17,379,13.705,19
1170,6716277,0.9499994,0,0,0,0,0.0,0
1171,5498568,0.49999982,6,1,11,382,7.48,12
1172,4012631,0.97999936,0,0,0,0,0.0,0
1173,6874703,0.5399998,9,0,6,385,7.855,13
1174,3307331,0.97999936,0,4,7,389,14.895,21
1175,3949003,0.76999956,6,0,13,381,11.95,18
1176,6203779,0.5499998,0,6,9,385,7.95,13
1177,7391216,0.87999946,0,2,8,390,13.425,19
1178,3327867,0.37999994,0,8,21,371,5.24,10
1179,3310637,0.33999997,4,0,16,380,4.675,9
1180,5775326,0.97999936,8,0,12,380,14.825,22
1181,3708892,0.33999997,7,0,11,382,4.75,10
1182,6219084,0.55999976,0,5,8,387,8.5,14
1183,4871215,0.6199997,0,5,15,380,9.205,15
1184,5419671,0.32,0,5,15,380,4.415,9
1185,5750136,0.9299994,5,0,13,382,14.12,19
1186,6466146,0.34999996,6,0,17,377,5.04,10
1187,5430051,0.9699994,5,0,15,380,14.795,21
1188,5661054,0.78999954,4,0,14,382,11.945,17
1189,4796683,0.45999986,7,0,12,381,6.74,14
1190,6269149,0.65999967,0,6,15,379,9.87,16
1191,5644253,0.76999956,0,6,13,381,11.585,16
1192,7223768,0.58999974,0,10,13,377,8.69,14
1193,3315562,0.34999996,0,8,13,379,4.81,10
1194,3333614,0.39999992,5,0,15,380,5.74,12
1195,5298156,0.7499996,0,7,6,387,11.185,17
1196,4428162,0.45999986,0,5,14,381,6.78,11
1197,6319953,0.7399996,0,5,14,381,11.16,17
1198,6770866,0.9299994,2,0,27,371,14.245,20
1199,5667809,0.79999954,0,7,15,378,12.12,18
1200,6744052,0.90999943,0,6,14,380,13.88,21
1201,6906324,0.6099997,6,0,7,387,9.13,15
1202,3292385,0.9599994,0,3,14,383,14.89,21
1203,6901107,0.5999997,0,6,18,376,8.965,16
1204,3408850,0.57999974,5,0,11,384,8.94,15
1205,3346061,0.43999988,0,6,17,377,6.22,11
1206,5790663,0.39999992,9,0,7,384,5.775,11
1207,4592291,0.76999956,7,0,7,386,11.835,19
1208,3503883,0.7599996,2,3,17,378,11.485,18
1209,6785105,0.34999996,0,6,18,376,4.865,10
1210,5749778,0.31,2,2,16,380,4.19,9
1211,3295266,0.32,7,0,3,390,4.465,9
1212,6098984,0.31,0,6,19,375,4.43,9
1213,5883906,0.5999997,0,5,17,378,9.31,15
1214,5106861,0.97999936,4,4,8,384,14.875,20
1215,3067962,0.57999974,6,0,14,380,8.635,14
1216,5580120,0.66999966,0,6,11,383,10.02,15
1217,3836940,0.56999975,0,6,8,386,8.475,14
1218,3854935,0.5999997,5,0,8,387,9.065,14
1219,3914323,0.69999963,0,5,12,383,10.585,17
1220,7380098,0.8499995,0,7,13,380,12.88,20
1221,7418577,0.32999998,5,1,17,377,4.655,9
1222,6819965,0.4299999,0,6,20,374,6.16,11
1223,4749743,0.34999996,4,0,11,385,5.085,11
1224,6499953,0.43999988,4,2,5,389,6.27,11
1225,2994348,0.37999994,7,0,7,386,5.545,10
1226,5780125,0.36999995,7,1,7,385,5.245,10
1227,3676563,0.3,6,0,7,387,4.15,9
1228,4156789,0.55999976,8,0,11,381,8.285,13
1229,7385502,0.8599995,0,4,14,382,13.33,20
1230,3384896,0.5299998,7,0,11,382,7.845,12
1231,4167234,0.57999974,3,0,11,386,8.94,15
1232,4646386,0.8399995,0,3,11,386,12.755,19
1233,6224582,0.57999974,6,0,9,385,8.575,15
1234,6915655,0.6199997,0,4,8,388,9.4,15
1235,5038945,0.87999946,0,5,17,378,13.445,19
1236,5129282,0.4199999,0,6,9,385,5.92,11
1237,4555351,0.7099996,7,0,14,379,10.715,16
1238,6966308,0.7099996,6,0,13,381,10.88,16
1239,5470672,0.4299999,6,0,7,387,6.29,12
1240,7283766,0.7099996,0,5,12,383,10.72,16
1241,7028652,0.9499994,0,0,0,0,0.0,0
1242,4803131,0.47999984,0,6,22,372,7.045,13
1243,6184132,0.48999983,5,0,12,383,7.065,12
1244,4445396,0.49999982,0,5,15,380,7.145,13
1245,5196585,0.56999975,0,4,7,389,8.485,14
1246,5635149,0.8399995,0,0,0,0,0.0,0
1247,6357936,0.8199995,5,0,16,379,12.4,18
1248,5713209,0.99999934,0,0,0,0,0.0,0
1249,3175072,0.78999954,0,6,12,382,11.995,18
1250,4758419,0.36999995,0,5,16,379,5.11,11
1251,4015623,0.99999934,0,0,0,0,0.0,0
1252,6089138,0.3,0,5,24,371,4.035,9
1253,6069357,0.9199994,8,0,15,377,14.06,20
1254,4228256,0.77999955,0,0,0,0,0.0,0
1255,5895950,0.6399997,2,3,15,380,9.465,15
1256,6201663,0.5399998,5,0,6,389,8.08,13
1257,3308089,0.32999998,4,0,18,378,4.64,9
1258,6853109,0.5099998,0,5,12,383,7.58,13
1259,6852151,0.49999982,4,1,9,386,7.4,13
1260,4875398,0.6299997,6,0,11,383,9.455,16
1261,7507453,0.5399998,5,1,7,387,8.02,13
1262,6791875,0.9699994,5,0,14,381,14.69,21
1263,7679596,0.8599995,0,5,15,380,13.295,19
1264,4777465,0.4199999,0,4,15,381,6.035,12
1265,5801894,0.4199999,6,0,8,386,6.215,12
1266,7285242,0.78999954,0,0,0,0,0.0,0
1267,7201626,0.55999976,6,0,7,387,8.385,14
1268,3719115,0.97999936,1,5,16,378,15.1,22
1269,5915632,0.65999967,6,0,3,391,9.865,16
1270,5282379,0.79999954,0,0,0,0,0.0,0
1271,3399645,0.55999976,0,4,14,382,8.215,14
1272,6478845,0.37999994,9,0,13,378,5.39,9
1273,7097753,0.9399994,6,0,13,381,14.39,19
1274,3890392,0.7399996,0,0,0,0,0.0,0
1275,5341273,0.8099995,0,9,13,378,12.295,19
1276,5293688,0.7399996,3,2,24,371,11.175,17
1277,5977813,0.76999956,0,5,17,378,11.855,18
1278,4792942,0.44999987,5,0,15,380,6.655,14
1279,7557302,0.6399997,5,0,19,376,9.695,15
1280,3892327,0.66999966,0,4,7,389,10.045,14
1281,6148986,0.39999992,7,0,8,385,5.87,11
1282,5144900,0.44999987,6,0,25,369,6.5,12
1283,5683206,0.9199994,0,0,0,0,0.0,0
1284,6313905,0.7299996,4,0,19,377,11.065,16
1285,6442030,0.90999943,0,6,13,381,13.84,19
1286,7102159,0.9599994,4,0,15,381,14.615,21
1287,6699635,0.8199995,6,0,13,381,12.47,18
1288,6602047,0.6399997,7,0,8,385,9.89,15
1289,5975601,0.7599996,7,0,9,384,11.47,17
1290,3801146,0.5099998,0,7,13,380,7.53,13
1291,5854240,0.5499998,6,0,5,389,8.105,14
1292,5233045,0.6499997,6,1,15,378,9.945,16
1293,4640286,0.9299994,0,0,0,0,0.0,0
1294,5403907,0.3,0,7,8,385,4.05,9
1295,4640687,0.8299995,0,4,9,387,12.575,18
1296,4246833,0.7199996,3,4,13,380,10.83,16
1297,4396254,0.36999995,7,0,7,386,5.18,11
1298,3296350,0.31,6,1,22,371,4.45,9
1299,7122587,0.36999995,6,0,18,376,5.36,11
1300,5228415,0.6399997,0,6,10,384,9.475,15
1301,5242030,0.65999967,0,7,10,383,10.06,15
1302,4471680,0.5499998,0,5,8,387,8.11,15
1303,7544452,0.69999963,0,0,0,0,0.0,0
1304,7742679,0.32,0,3,13,384,4.435,9
1305,7010632,0.9199994,0,0,0,0,0.0,0
1306,3121694,0.7099996,0,5,18,377,10.975,16
1307,6019022,0.8299995,0,4,11,385,12.675,18
1308,7119316,0.35999995,0,5,6,389,5.115,11
1309,7216048,0.57999974,5,0,14,381,8.715,14
1310,4766208,0.38999993,0,8,12,380,5.595,11
1311,7195064,0.5499998,0,4,5,391,8.12,14
1312,4380017,0.97999936,0,4,8,388,14.75,22
1313,5860356,0.55999976,0,5,24,371,8.37,15
1314,7333524,0.77999955,0,2,10,388,11.76,18
1315,5383252,0.88999945,3,2,21,374,13.53,19
1316,4847301,0.56999975,0,8,11,381,8.605,14
1317,6129960,0.35999995,5,0,9,386,5.065,9
1318,4044964,0.9299994,6,0,10,384,14.18,20
1319,4740163,0.33999997,0,5,15,380,4.745,9
1320,4787369,0.43999988,0,3,21,376,6.385,11
1321,6121900,0.33999997,7,0,7,386,4.765,10
1322,6430656,0.3,0,6,11,383,4.27,9
1323,4361960,0.9199994,7,0,13,380,14.015,20
1324,3529921,0.87999946,0,0,0,0,0.0,0
1325,6401179,0.86999947,6,0,21,373,13.375,21
1326,7304647,0.8299995,0,0,0,0,0.0,0
1327,4977592,0.78999954,8,0,10,382,12.12,18
1328,7413510,0.32,0,5,7,388,4.605,9
1329,5817426,0.46999985,6,0,13,381,6.835,13
1330,6465038,0.9399994,6,0,14,380,14.355,20
1331,5991412,0.78999954,6,0,18,376,12.0,17
1332,7487671,0.48999983,0,7,9,384,7.14,13
1333,7415763,0.9299994,0,7,20,373,14.115,19
1334,3488826,0.7199996,4,0,13,383,11.0,16
1335,4134246,0.5099998,0,5,6,389,7.395,12
1336,5418247,0.9399994,0,6,16,378,14.265,20
1337,6653821,0.7199996,0,7,9,384,10.99,17
1338,5301304,0.8599995,0,0,0,0,0.0,0
1339,6542545,0.5299998,5,0,11,384,7.865,13
1340,3112857,0.67999965,0,5,8,387,10.33,16
1341,4828439,0.5299998,0,4,21,375,8.05,14
1342,5524939,0.5499998,0,6,22,372,8.06,14
1343,6965040,0.8099995,0,0,0,0,0.0,0
1344,3901739,0.67999965,7,0,9,384,10.13,16
1345,3066133,0.56999975,7,0,4,389,8.58,14
1346,5357155,0.9599994,0,0,0,0,0.0,0
1347,6266748,0.6499997,0,6,16,378,9.65,15
1348,7148518,0.4299999,7,0,21,372,6.255,12
1349,3751867,0.4199999,0,5,7,388,6.13,12
1350,7346204,0.8099995,0,5,7,388,12.43,17
1351,6571314,0.58999974,7,0,9,384,8.96,14
1352,4350160,0.3,0,6,13,381,4.145,9
1353,5592815,0.68999964,2,5,19,374,10.41,16
1354,4390021,0.99999934,0,5,14,381,15.25,21
1355,7253321,0.65999967,7,0,8,385,10.02,16
1356,7611224,0.8399995,0,0,0,0,0.0,0
1357,5698560,0.8499995,9,0,9,382,13.025,19
1358,5006682,0.8399995,5,0,21,374,12.825,18
1359,6612976,0.65999967,0,8,18,374,9.865,15
1360,7165345,0.47999984,3,1,14,382,7.33,12
1361,5449278,0.99999934,0,5,8,387,15.385,21
1362,5985708,0.77999955,0,5,9,386,11.74,19
1363,3350404,0.44999987,0,7,16,377,6.57,12
1364,3028522,0.48999983,4,0,11,385,7.29,13
1365,7584754,0.67999965,7,0,12,381,10.26,16
1366,5348981,0.9299994,0,0,0,0,0.0,0
1367,3331865,0.38999993,7,0,6,387,5.375,11
1368,4451109,0.5199998,0,6,15,379,7.6,12
1369,3216279,0.8199995,7,0,15,378,12.52,20
1370,5030619,0.9599994,0,0,0,0,0.0,0
1371,3025329,0.46999985,5,0,5,390,6.93,13
1372,4397913,0.37999994,0,3,7,390,5.46,10
1373,5493329,0.48999983,6,0,5,389,7.14,12
1374,4655034,0.8599995,6,0,13,381,12.95,20
1375,5089227,0.32,6,0,9,385,4.365,9
1376,3368900,0.48999983,0,8,17,375,7.085,12
1377,3172079,0.77999955,5,0,13,382,11.84,18
1378,7512470,0.5499998,6,0,7,387,8.21,14
1379,5182978,0.5399998,0,7,7,386,7.895,14
1380,5649049,0.77999955,0,6,22,372,11.785,17
1381,5070929,0.9299994,2,2,19,377,14.245,20
1382,5685693,0.8299995,6,1,18,375,12.61,19
1383,4021414,0.86999947,0,5,12,383,13.33,18
1384,7748303,0.33999997,0,7,13,380,4.71,10
1385,4033301,0.88999945,3,0,28,369,13.545,19
1386,5703242,0.9699994,0,0,0,0,0.0,0
1387,3394770,0.5399998,7,0,5,388,8.075,14
1388,3162138,0.7499996,0,7,16,377,11.365,17
1389,3426804,0.68999964,0,0,0,0,0.0,0
1390,7003549,0.78999954,4,1,12,383,11.885,17
1391,6830021,0.44999987,0,4,19,377,6.62,12
1392,5217932,0.5999997,5,2,15,378,8.96,13
1393,5849365,0.6199997,0,0,0,0,0.0,0
1394,6733631,0.87999946,5,0,24,371,13.55,20
1395,4436425,0.46999985,5,0,6,389,6.885,12
1396,3823682,0.5399998,0,6,11,383,7.935,13
1397,4190798,0.6199997,7,0,9,384,9.46,15
1398,6591228,0.6199997,9,0,2,389,9.23,14
1399,6736104,0.88999945,0,6,15,379,13.54,20
1400,4485355,0.58999974,0,4,10,386,8.99,14
1401,5505911,0.5199998,0,9,4,387,7.71,13
1402,7136349,0.4099999,5,0,9,386,6.03,11
1403,6884538,0.56999975,5,0,14,381,8.56,14
1404,7263337,0.66999966,5,0,13,382,10.305,15
1405,7168773,0.48999983,7,0,8,385,7.225,12
1406,4947388,0.7499996,8,0,7,385,11.335,16
1407,5625698,0.7499996,5,0,12,383,11.235,17
1408,5347460,0.8299995,0,5,14,381,12.73,19
1409,6137026,0.38999993,1,3,11,385,5.4,10
1410,4943985,0.7399996,0,5,19,376,11.065,16
1411,7706506,0.99999934,0,0,0,0,0.0,0
1412,7345247,0.89999944,0,0,0,0,0.0,0
1413,4308578,0.8499995,8,0,9,383,12.985,18
1414,6152884,0.4199999,6,0,11,383,5.92,11
1415,3059873,0.5499998,0,6,13,381,8.045,13
1416,4248296,0.8399995,0,0,0,0,0.0,0
1417,4444534,0.48999983,5,0,13,382,7.45,13
1418,6396354,0.8599995,4,0,16,380,13.01,18
1419,6472059,0.36999995,8,0,1,391,5.43,10
1420,4307376,0.9399994,0,0,0,0,0.0,0
1421,3866945,0.6199997,0,3,11,386,9.435,16
1422,6249261,0.7099996,0,0,0,0,0.0,0
1423,6892138,0.58999974,0,6,12,382,8.9,15
1424,5531468,0.56999975,4,0,10,386,8.525,14
1425,5875464,0.57999974,8,0,1,391,8.72,14
1426,5842978,0.5199998,0,5,11,384,7.775,12
1427,4373467,0.32999998,4,0,10,386,4.46,9
1428,3252641,0.99999934,0,0,0,0,0.0,0
1429,5832352,0.48999983,7,0,6,387,7.02,12
1430,7095240,0.32,0,8,17,375,4.355,10
1431,4546717,0.69999963,0,5,14,381,10.69,16
1432,3466957,0.67999965,8,0,6,386,10.2,15
1433,4625175,0.79999954,6,0,15,379,12.26,18
1434,3443214,0.6399997,0,5,16,379,9.66,14
1435,6485186,0.39999992,0,6,16,378,5.96,11
1436,7506764,0.5299998,0,5,6,389,7.895,13
1437,6838569,0.46999985,4,0,12,384,6.825,12
1438,3645151,0.99999934,0,0,0,0,0.0,0
1439,4042254,0.31,3,2,21,374,4.345,9
1440,6584929,0.6099997,3,2,15,380,9.42,14
1441,3701763,0.9699994,0,6,6,388,14.92,21
1442,6280941,0.67999965,0,7,17,376,10.15,16
1443,5700101,0.9499994,0,0,0,0,0.0,0
1444,5069888,0.3,0,5,17,378,4.34,9
1445,3527906,0.77999955,5,0,17,378,11.93,18
1446,6843638,0.47999984,0,8,8,384,7.085,13
1447,3119190,0.69999963,2,3,20,375,10.745,15
1448,4438296,0.47999984,2,1,4,393,7.055,13
1449,3560367,0.8099995,3,0,14,383,12.365,18
1450,6935263,0.65999967,0,5,7,388,9.77,17
1451,3712766,0.35999995,0,4,17,379,4.96,11
1452,5411338,0.9199994,0,7,12,381,14.12,20
1453,3574936,0.8299995,4,1,11,384,12.59,18
1454,2996739,0.39999992,5,0,10,385,5.895,11
1455,4810461,0.49999982,8,0,2,390,7.375,12
1456,5834839,0.49999982,0,6,10,384,7.31,12
1457,5921670,0.66999966,9,0,5,386,10.005,15
1458,4483951,0.57999974,3,0,18,379,8.72,15
1459,7044792,0.9699994,0,0,0,0,0.0,0
1460,4921376,0.77999955,0,0,0,0,0.0,0
1461,6664761,0.8599995,0,0,0,0,0.0,0
1462,6110887,0.32,7,0,10,383,4.425,9
1463,4626517,0.8099995,6,0,12,382,12.23,18
1464,6106146,0.9599994,3,2,24,371,14.635,21
1465,5605602,0.7099996,7,0,11,382,10.7,16
1466,7396359,0.88999945,3,0,14,383,13.555,20
1467,6407161,0.97999936,0,0,0,0,0.0,0
1468,3072262,0.5999997,0,5,10,385,8.79,14
1469,4611594,0.78999954,7,0,13,380,12.135,18
1470,4738833,0.32999998,8,0,9,383,4.49,10
1471,7384593,0.99999934,0,0,0,0,0.0,0
1472,4416778,0.4299999,7,0,18,375,6.035,12
1473,3337574,0.4099999,0,8,14,378,5.985,11
1474,6548009,0.5399998,1,7,18,374,8.005,12
1475,5808742,0.43999988,4,0,10,386,6.405,11
1476,7657914,0.8099995,4,0,17,379,12.365,17
1477,6486624,0.99999934,4,0,23,373,15.4,21
1478,7748575,0.32999998,2,4,16,378,4.965,10
1479,4449619,0.5099998,0,5,18,377,7.68,13
1480,7207633,0.56999975,0,7,15,378,8.465,13
1481,5253163,0.67999965,4,0,17,379,10.27,16
1482,7485533,0.47999984,0,9,18,373,7.155,13
1483,7467375,0.43999988,7,0,15,378,6.28,12
1484,4880552,0.6399997,6,0,15,379,9.575,15
1485,5504690,0.5099998,7,0,8,385,7.545,13
1486,3771556,0.44999987,6,0,11,383,6.69,13
1487,4998940,0.90999943,0,0,0,0,0.0,0
1488,5527833,0.55999976,3,3,9,385,8.535,14
1489,7072613,0.90999943,6,0,12,382,13.87,19
1490,4225317,0.67999965,0,3,7,390,10.33,16
1491,6003239,0.8099995,5,0,23,372,12.4,19
1492,5732597,0.89999944,0,6,16,378,13.785,19
1493,6758940,0.9199994,0,4,9,387,13.775,20
1494,5529353,0.6399997,0,0,0,0,0.0,0
1495,7534544,0.57999974,7,0,7,386,8.855,14
1496,5437588,0.98999935,4,1,14,381,15.015,21
1497,6152572,0.4099999,4,0,5,391,5.955,11
1498,5456181,0.38999993,6,0,10,384,5.68,11
1499,3967330,0.79999954,0,5,16,379,12.27,17
1500,5472468,0.43999988,2,0,22,376,6.325,13
1501,7704975,0.98999935,0,0,0,0,0.0,0
1502,6785770,0.33999997,6,0,15,379,4.865,11
1503,3168140,0.76999956,4,0,20,376,11.83,18
1504,6516777,0.46999985,5,1,5,389,6.94,12
1505,6525146,0.48999983,0,7,12,381,7.225,13
1506,7188448,0.6099997,0,0,0,0,0.0,0
1507,4578819,0.7399996,5,0,12,383,11.225,17
1508,4290389,0.8099995,7,0,21,372,12.25,18
1509,3379649,0.5199998,5,0,11,384,7.67,13
1510,6791122,0.35999995,0,4,20,376,4.955,11
1511,5876758,0.58999974,0,6,18,376,9.06,14
1512,7664803,0.8199995,7,0,11,382,12.41,19
1513,5280894,0.7199996,7,0,15,378,11.02,18
1514,4919844,0.69999963,9,0,7,384,10.465,15
1515,4932569,0.7199996,0,6,8,386,11.08,16
1516,6130980,0.99999934,5,0,16,379,15.325,22
1517,6247716,0.6299997,6,1,12,381,9.47,14
1518,7329581,0.86999947,0,0,0,0,0.0,0
1519,4058025,0.9499994,4,0,20,376,14.625,21
1520,6193292,0.5099998,6,0,7,387,7.555,13
1521,3586471,0.8599995,0,5,20,375,13.135,20
1522,4061567,0.32999998,7,0,2,391,4.625,10
1523,7608129,0.7399996,5,0,4,391,11.19,18
1524,6110603,0.9699994,0,4,10,386,14.925,21
1525,3957833,0.78999954,6,0,20,374,12.09,18
1526,3502283,0.7499996,5,0,12,383,11.285,18
1527,6873871,0.5499998,4,0,15,381,7.925,14
1528,3731422,0.36999995,0,4,15,381,5.26,10
1529,6880972,0.55999976,6,0,10,384,8.305,13
1530,7703465,0.87999946,1,4,11,384,13.45,19
1531,7287752,0.7199996,0,3,18,379,10.985,16
1532,4219576,0.7499996,0,0,0,0,0.0,0
1533,4083072,0.37999994,0,5,19,376,5.595,10
1534,7523138,0.55999976,1,3,13,383,8.255,13
1535,5904210,0.6499997,5,0,8,387,9.765,16
1536,5676123,0.8099995,4,0,12,384,12.355,18
1537,4884537,0.6499997,4,0,11,385,9.73,16
1538,7060056,0.88999945,6,0,14,380,13.615,20
1539,3289234,0.9499994,7,0,11,382,14.345,21
1540,4785992,0.4299999,0,5,16,379,6.36,12
1541,4905742,0.67999965,0,5,9,386,10.29,16
1542,7553255,0.6299997,0,5,19,376,9.66,15
1543,4980908,0.79999954,0,7,13,380,12.255,18
1544,7453178,0.39999992,0,7,8,385,5.85,12
1545,5363907,0.97999936,0,0,0,0,0.0,0
1546,4122808,0.48999983,6,0,14,380,7.16,12
1547,4588863,0.7599996,6,0,11,383,11.625,18
1548,6402739,0.9499994,0,0,0,0,0.0,0
1549,6404208,0.9599994,0,0,0,0,0.0,0
1550,5158632,0.48999983,2,4,15,379,7.345,14
1551,6988062,0.7599996,5,0,17,378,11.525,16
1552,6075393,0.9299994,0,6,14,380,14.155,19
1553,2970403,0.34999996,7,0,4,389,4.94,10
1554,7509001,0.6199997,0,0,0,0,0.0,0
1555,6939802,0.76999956,0,0,0,0,0.0,0
1556,3714971,0.34999996,4,0,8,388,4.855,10
1557,4305885,0.8299995,0,5,13,382,12.7,18
1558,3217735,0.9299994,0,0,0,0,0.0,0
1559,6761762,0.31,0,5,16,379,4.3,9
1560,3425366,0.6099997,5,0,14,381,9.055,14
1561,3651589,0.9199994,6,0,14,380,13.95,19
1562,4424616,0.44999987,0,4,8,388,6.51,11
1563,5544802,0.5999997,0,4,19,377,8.865,14
1564,7099434,0.32999998,5,0,13,382,4.51,10
1565,3972921,0.89999944,0,0,0,0,0.0,0
1566,4371948,0.32,5,1,6,388,4.56,9
1567,5760548,0.32999998,1,3,19,377,4.605,9
1568,6927242,0.7299996,0,0,0,0,0.0,0
1569,3286727,0.9399994,0,5,9,386,14.415,20
1570,4628016,0.89999944,0,0,0,0,0.0,0
1571,6053708,0.87999946,6,0,13,381,13.52,19
1572,3971388,0.8099995,5,0,19,376,12.13,18
1573,7355888,0.8199995,0,8,10,382,12.43,18
1574,3496456,0.7399996,0,5,11,384,11.275,17
1575,7159154,0.46999985,6,0,13,381,6.865,11
1576,7444231,0.38999993,3,0,13,384,5.585,11
1577,5307550,0.7599996,0,7,11,382,11.56,17
1578,5386230,0.89999944,0,3,17,380,13.71,19
1579,4246725,0.7099996,6,0,13,381,10.785,16
1580,4717601,0.3,5,0,15,380,4.225,9
1581,6640694,0.8099995,0,0,0,0,0.0,0
1582,6026822,0.8399995,0,6,14,380,12.78,19
1583,6001128,0.90999943,0,0,0,0,0.0,0
1584,5922250,0.67999965,3,0,19,378,10.2,15
1585,6231847,0.58999974,5,0,10,385,8.775,14
1586,4966056,0.76999956,0,7,16,377,11.55,17
1587,7405642,0.3,5,0,21,374,4.14,9
1588,4226799,0.76999956,0,0,0,0,0.0,0
1589,5556867,0.69999963,0,0,0,0,0.0,0
1590,4626676,0.88999945,0,0,0,0,0.0,0
1591,3677360,0.9399994,1,5,18,376,14.36,21
1592,7323681,0.7599996,5,0,11,384,11.485,17
1593,3222004,0.8299995,5,2,17,376,12.57,18
1594,6614442,0.7499996,0,0,0,0,0.0,0
1595,5207220,0.58999974,5,0,18,377,8.735,14
1596,5264953,0.68999964,5,0,19,376,10.37,16
1597,3158040,0.7399996,4,0,13,383,11.265,16
1598,2971810,0.36999995,8,0,10,382,5.36,10
1599,3872949,0.6299997,6,0,16,378,9.515,14
1600,4177764,0.89999944,0,4,11,385,13.625,19
1601,5051301,0.38999993,0,5,15,380,5.44,10
1602,4342912,0.48999983,4,0,8,388,7.15,13
1603,4689772,0.98999935,0,8,7,385,15.385,22
1604,5115871,0.5199998,4,1,15,380,7.64,14
1605,4422926,0.6099997,4,0,21,375,9.305,15
1606,4834657,0.65999967,6,0,5,389,9.96,16
1607,4355015,0.5099998,7,0,7,386,7.415,13
1608,4259093,0.9599994,0,4,9,387,14.595,21
1609,4598257,0.86999947,0,6,20,374,13.38,19
1610,5072882,0.4299999,6,0,12,382,6.36,13
1611,4037535,0.6299997,0,4,11,385,9.325,16
1612,3967338,0.5199998,7,0,7,386,7.77,13
1613,3898204,0.34999996,6,0,1,393,4.77,10
1614,5172933,0.6499997,5,0,13,382,9.725,15
1615,5183183,0.7499996,0,0,0,0,0.0,0
1616,3900304,0.35999995,6,0,12,382,5.06,11
1617,5393388,0.9499994,6,0,11,383,14.47,20
1618,5169909,0.6299997,7,0,7,386,9.48,15
1619,4640351,0.31,5,0,20,375,4.11,9
1620,3898046,0.31,6,0,22,372,4.285,9
1621,4112069,0.77999955,3,2,11,384,11.805,17
1622,4109203,0.8599995,0,0,0,0,0.0,0
1623,4041190,0.6399997,6,0,25,369,9.635,16
1624,4389163,0.55999976,0,7,15,378,8.475,15
1625,4692209,0.38999993,6,0,5,389,5.78,11
1626,5434304,0.35999995,7,1,10,382,5.135,11
1627,4899451,0.88999945,0,0,0,0,0.0,0
1628,4636954,0.9299994,0,5,13,382,14.605,19
1629,5226024,0.7199996,5,0,13,382,11.02,16
1630,4473512,0.66999966,0,5,14,381,10.32,16
1631,4324428,0.45999986,0,4,8,388,6.725,12
1632,5031972,0.34999996,0,7,22,371,4.715,10
1633,4107625,0.8499995,0,0,0,0,0.0,0
1634,4310237,0.4199999,5,0,10,385,6.09,11
1635,4274409,0.97999936,0,5,10,385,15.025,21
1636,5462198,0.4299999,5,0,20,375,6.45,12
1637,5200707,0.78999954,0,0,0,0,0.0,0
1638,4280429,0.99999934,0,6,6,388,15.34,23
1639,4923301,0.8199995,6,0,11,383,12.75,19
1640,4961792,0.87999946,0,6,14,380,13.455,20
1641,4394065,0.56999975,6,0,14,380,8.53,14
1642,4095371,0.7299996,0,4,9,387,11.04,17
1643,4160972,0.8299995,7,0,13,380,12.635,19
1644,4478229,0.67999965,7,0,12,381,10.295,16
1645,5050844,0.37999994,0,5,13,382,5.415,10
1646,5007557,0.9599994,4,2,9,385,14.445,21
1647,4891481,0.76999956,0,4,22,374,11.87,18
1648,4053158,0.7599996,0,0,0,0,0.0,0
1649,4894666,0.86999947,0,0,0,0,0.0,0
1650,5025263,0.32999998,3,0,15,382,4.575,10
1651,5131401,0.56999975,5,0,18,377,8.48,14
1652,4658818,0.32,7,0,10,383,4.535,9
1653,4106068,0.7499996,8,0,16,376,11.4,17
1654,5439491,0.37999994,5,0,11,384,5.57,10
1655,4284629,0.37999994,0,9,10,381,5.435,11
1656,5137256,0.57999974,9,0,2,389,8.69,15
1657,5404858,0.97999936,0,4,17,379,14.96,21
1658,4564547,0.9199994,0,0,0,0,0.0,0
1659,4711604,0.4299999,4,0,17,379,6.25,12
1660,5146411,0.58999974,0,4,20,376,8.935,14
1661,4718819,0.44999987,7,0,14,379,6.55,12
1662,5450630,0.4099999,0,5,16,379,6.05,11
1663,5287257,0.9299994,0,0,0,0,0.0,0
1664,4256178,0.33999997,3,2,18,377,4.76,10
1665,4519274,0.7499996,4,1,14,381,11.22,18
1666,5000616,0.9499994,2,6,15,377,14.425,20
1667,4661984,0.33999997,0,3,16,381,4.73,10
1668,5121923,0.5499998,6,0,13,381,8.14,14
1669,3899896,0.36999995,0,8,9,383,5.235,11
1670,4487933,0.78999954,0,0,0,0,0.0,0
1671,5264373,0.79999954,8,1,19,372,12.055,18
1672,5230299,0.8499995,0,0,0,0,0.0,0
1673,4330071,0.46999985,6,0,12,382,6.855,12
1674,4514841,0.7399996,6,0,10,384,11.24,16
1675,4565683,0.8299995,9,0,7,384,12.54,18
1676,4692603,0.39999992,0,7,8,385,5.72,12
1677,5440073,0.38999993,5,0,20,375,5.475,11
1678,4011672,0.68999964,0,0,0,0,0.0,0
1679,4179371,0.98999935,0,0,0,0,0.0,0
1680,4776397,0.56999975,0,8,12,380,8.43,13
1681,4686877,0.36999995,0,5,18,377,5.325,11
1682,4301162,0.4099999,4,0,15,381,5.905,12
1683,4840107,0.66999966,0,6,6,388,10.1,16
1684,4226861,0.31,5,0,13,382,4.25,9
1685,4856576,0.69999963,6,0,4,390,10.31,16
1686,5189436,0.66999966,7,0,7,386,10.125,15
1687,4011687,0.6199997,3,0,10,387,9.425,15
1688,5288822,0.9399994,0,0,0,0,0.0,0
1689,3963414,0.49999982,0,6,18,376,7.32,12
1690,4204322,0.9299994,0,8,9,383,14.12,21
1691,4273528,0.35999995,0,8,9,383,5.07,9
1692,4756982,0.5299998,6,0,6,388,8.055,14
1693,4801233,0.5999997,4,0,12,384,9.005,13
1694,3964339,0.5099998,0,7,20,373,7.545,12
1695,4311090,0.4299999,2,3,18,377,6.065,10
1696,4604729,0.97999936,0,0,0,0,0.0,0
1697,5424481,0.34999996,6,0,5,389,4.91,11
1698,4243158,0.32999998,0,7,19,374,4.67,10
1699,4009944,0.6099997,0,7,9,384,9.145,15
1700,4455260,0.6499997,0,5,22,373,9.91,15
1701,4825691,0.7399996,0,0,0,0,0.0,0
1702,3924903,0.39999992,1,6,17,376,5.68,11
1703,4765976,0.5499998,6,0,8,386,8.13,13
1704,4946577,0.8499995,0,6,11,383,12.73,19
1705,5274396,0.90999943,0,0,0,0,0.0,0
1706,4698016,0.4099999,0,5,12,383,5.895,11
1707,4767277,0.55999976,7,0,4,389,8.37,13
1708,4110838,0.87999946,0,0,0,0,0.0,0
1709,4918296,0.8099995,0,4,12,384,12.47,19
1710,4091640,0.8099995,0,0,0,0,0.0,0
1711,4436368,0.6299997,4,3,13,380,9.405,15
1712,4585342,0.8599995,4,0,14,382,13.065,20
1713,4824164,0.6499997,0,5,17,378,9.77,15
1714,4853326,0.78999954,0,0,0,0,0.0,0
1715,5227056,0.7299996,2,3,9,386,11.23,17
1716,4407972,0.57999974,6,0,16,378,8.78,15
1717,4753054,0.5199998,4,1,14,381,7.545,12
1718,5231437,0.7399996,0,6,21,373,11.2,16
1719,4438398,0.7199996,0,0,0,0,0.0,0
1720,4550803,0.8099995,2,5,9,384,12.4,18
1721,5458183,0.4199999,7,0,14,379,6.105,11
1722,4045116,0.6499997,0,5,11,384,9.71,15
1723,5400377,0.32999998,7,1,19,373,4.62,10
1724,4485796,0.68999964,0,4,9,387,10.525,18
1725,3924971,0.38999993,0,8,20,372,5.765,11
1726,5171211,0.6399997,0,3,13,384,9.775,15
1727,4166267,0.8399995,8,0,15,377,12.83,18
1728,4470350,0.65999967,7,0,13,380,10.135,17
1729,3959131,0.47999984,6,0,13,381,7.185,13
1730,4633255,0.3,6,0,12,382,4.065,9
1731,4741960,0.49999982,5,0,22,373,7.285,12
1732,4432203,0.6199997,8,0,12,380,9.33,14
1733,4062189,0.69999963,0,6,10,384,10.695,17
1734,5386218,0.31,0,6,19,375,4.3,10
1735,3897882,0.32999998,0,5,6,389,4.745,10
1736,4212962,0.3,0,3,13,384,4.145,9
1737,4175415,0.86999947,4,1,17,378,13.035,20
1738,4966430,0.89999944,7,0,14,379,13.95,20
1739,4112506,0.88999945,0,0,0,0,0.0,0
1740,4534939,0.87999946,0,0,0,0,0.0,0
1741,5008490,0.3,6,0,1,393,4.095,9
1742,5110041,0.5999997,0,0,0,0,0.0,0
1743,4868744,0.7299996,0,6,12,382,11.085,16
1744,4865897,0.7199996,5,0,14,381,10.885,17
1745,3957465,0.45999986,0,8,16,376,6.795,12
1746,4183428,0.90999943,6,0,15,379,13.845,21
1747,3900985,0.3,0,7,21,372,4.225,10
1748,4090104,0.7199996,5,0,12,383,10.85,17
1749,5024667,0.9699994,0,7,10,383,14.845,21
1750,4793444,0.58999974,4,3,10,383,8.88,15
1751,4663474,0.9599994,0,5,16,379,14.81,21
1752,5417080,0.33999997,2,5,14,379,4.94,11
1753,4109252,0.76999956,1,4,16,379,11.585,17
1754,5295290,0.8299995,4,0,16,380,12.905,19
1755,5399915,0.32,5,0,16,379,4.44,9
1756,5012154,0.31,6,0,15,379,4.05,9
1757,4196658,0.9199994,6,0,18,376,14.0,20
1758,5411736,0.98999935,5,1,17,377,15.285,20
1759,4651623,0.9499994,0,7,16,377,14.515,20
1760,5364852,0.3,4,0,18,378,4.21,9
1761,4060974,0.7099996,5,0,21,374,10.765,16
1762,4120333,0.78999954,0,4,16,380,11.96,17
1763,5049655,0.36999995,0,5,13,382,5.46,10
1764,3926433,0.4099999,0,6,7,387,6.105,11
1765,5102682,0.49999982,0,7,13,380,7.595,13
1766,4708249,0.4199999,8,0,18,374,6.0,12
1767,3930520,0.43999988,6,0,12,382,6.41,12
1768,5242691,0.7599996,5,0,14,381,11.66,18
1769,5300925,0.86999947,6,0,13,381,13.15,19
1770,4576114,0.8399995,6,0,20,374,12.755,19
1771,4234835,0.32,7,0,10,383,4.565,9
1772,5037340,0.35999995,0,5,11,384,5.28,10
1773,4999156,0.9399994,0,7,11,382,14.255,20
1774,4266468,0.34999996,5,0,11,384,4.86,10
1775,4379510,0.5499998,0,9,18,373,8.165,13
1776,4732450,0.48999983,6,0,8,386,7.21,12
1777,5042666,0.97999936,7,0,17,376,15.04,21
1778,5435803,0.36999995,9,0,7,384,5.125,10
1779,4409705,0.58999974,7,0,4,389,8.82,14
1780,4760945,0.5399998,6,0,13,381,8.19,14
1781,3928540,0.4299999,3,0,11,386,6.27,11
1782,4501546,0.7099996,3,2,9,386,10.82,16
1783,3928457,0.4199999,6,0,5,389,6.125,11
1784,4434346,0.69999963,0,0,0,0,0.0,0
1785,4633416,0.9399994,7,0,12,381,14.12,21
1786,4924824,0.9299994,0,0,0,0,0.0,0
1787,5447703,0.39999992,0,5,8,387,5.955,11
1788,4805619,0.6099997,0,7,17,376,9.095,14
1789,4813604,0.6299997,4,0,15,381,9.585,15
1790,4124221,0.79999954,5,0,21,374,12.335,18
1791,3899692,0.33999997,5,0,10,385,4.89,11
1792,4053785,0.67999965,0,5,15,380,10.335,15
1793,4448824,0.6399997,6,0,7,387,9.595,14
1794,5253682,0.77999955,6,0,11,383,11.925,18
1795,4336857,0.47999984,0,5,29,366,7.08,13
1796,5066654,0.4199999,4,2,6,388,6.11,12
1797,4000059,0.56999975,0,7,10,383,8.485,14
1798,5465423,0.44999987,1,5,18,376,6.39,12
1799,5199098,0.67999965,0,6,17,377,10.25,15
1800,5301637,0.8599995,0,5,8,387,13.08,19
1801,4725323,0.46999985,4,1,18,377,6.945,13
1802,4413698,0.5999997,5,0,14,381,8.875,14
1803,4668077,0.34999996,4,2,19,375,4.98,11
1804,4860638,0.7099996,0,5,13,382,10.695,17
1805,4294978,0.39999992,6,0,4,390,5.865,12
1806,5209373,0.69999963,3,0,15,382,10.565,16
1807,4048254,0.65999967,7,0,15,378,9.935,15
1808,5023503,0.32,7,0,16,377,4.43,10
1809,5058834,0.39999992,5,0,11,384,5.72,12
1810,5228680,0.8399995,0,0,0,0,0.0,0
1811,4533409,0.7599996,7,0,20,373,11.54,18
1812,3897900,0.32,0,6,21,373,4.37,8
1813,4609443,0.99999934,0,0,0,0,0.0,0
1814,4893036,0.8599995,0,0,0,0,0.0,0
1815,5083509,0.5299998,0,0,0,0,0.0,0
1816,5464784,0.43999988,0,7,12,381,6.37,12
1817,4154899,0.8199995,0,6,13,381,12.395,19
1818,4985067,0.9199994,3,1,18,378,14.06,19
1819,5094239,0.48999983,6,0,11,383,7.195,12
1820,3959445,0.48999983,3,2,17,378,7.1,14
1821,4620066,0.90999943,1,4,10,385,13.99,20
1822,4003739,0.57999974,6,0,12,382,8.62,14
1823,4967962,0.98999935,0,0,0,0,0.0,0
1824,4808626,0.6199997,0,4,13,383,9.165,14
1825,4677546,0.9699994,0,5,15,380,14.875,20
1826,4786922,0.57999974,0,7,10,383,8.61,14
1827,5108435,0.5099998,0,7,13,380,7.485,14
1828,4686846,0.37999994,3,3,13,381,5.355,10
1829,5285230,0.8199995,6,0,17,377,12.625,18
1830,4100116,0.7399996,5,0,12,383,11.165,17
1831,4827309,0.7499996,0,0,0,0,0.0,0
1832,5082003,0.44999987,4,1,14,381,6.685,12
1833,4314840,0.43999988,0,5,16,379,6.48,13
1834,4932731,0.8399995,3,2,17,378,12.965,18
1835,4982536,0.90999943,0,5,9,386,13.985,19
1836,5216000,0.7099996,9,0,11,380,10.785,16
1837,4505404,0.7299996,7,0,9,384,10.965,17
1838,4373953,0.5399998,0,7,12,381,8.015,13
1839,4913331,0.79999954,6,0,15,379,12.235,17
1840,5181222,0.65999967,4,0,13,383,9.765,15
1841,4607937,0.89999944,0,8,8,384,13.83,19
1842,3931071,0.44999987,0,6,14,380,6.49,12
1843,5296791,0.9599994,0,0,0,0,0.0,0
1844,4289066,0.38999993,6,0,8,386,5.42,11
1845,4490127,0.79999954,0,0,0,0,0.0,0
1846,5121840,0.5399998,0,7,16,377,8.125,14
1847,3995911,0.5499998,7,0,2,391,8.07,14
1848,4006817,0.5999997,0,5,8,387,8.82,14
1849,4927324,0.8299995,0,7,19,374,12.805,18
1850,5190940,0.76999956,0,0,0,0,0.0,0
1851,4250578,0.9499994,0,6,15,379,14.615,21
1852,4051585,0.66999966,0,5,12,383,10.035,15
1853,4176966,0.9699994,0,0,0,0,0.0,0
1854,4276371,0.36999995,0,8,5,387,5.355,10
1855,4603229,0.88999945,0,6,16,378,13.735,19
1856,5430216,0.99999934,0,5,10,385,15.455,21
1857,4319854,0.44999987,6,0,9,385,6.515,12
1858,4815218,0.6399997,0,3,16,381,9.565,15
1859,3965984,0.58999974,0,0,0,0,0.0,0
1860,4725509,0.47999984,0,4,16,380,6.825,12
1861,4562984,0.8199995,6,1,7,386,12.55,18
1862,5093245,0.47999984,2,7,10,381,7.01,12
1863,4721612,0.45999986,0,7,20,373,6.54,12
1864,5049680,0.99999934,0,5,9,386,15.315,21
1865,5344524,0.89999944,0,5,11,384,13.835,20
1866,4532894,0.76999956,0,4,13,383,11.655,17
1867,5403417,0.9699994,5,0,17,378,14.895,21
1868,4540590,0.77999955,0,7,14,379,11.77,18
1869,5363185,0.9199994,8,0,17,375,14.11,19
1870,4885169,0.7599996,0,5,10,385,11.58,18
1871,5083666,0.46999985,0,4,9,387,6.81,11
1872,4745718,0.5099998,6,0,4,390,7.41,13
1873,3999925,0.55999976,7,0,5,388,8.625,16
1874,5161783,0.6199997,3,0,16,381,9.33,15
1875,4897907,0.77999955,5,1,6,388,11.83,17
1876,5031311,0.33999997,7,0,11,382,4.755,10
1877,4366207,0.5299998,4,0,17,379,7.9,13
1878,5157463,0.68999964,0,0,0,0,0.0,0
1879,5320530,0.87999946,7,0,12,381,13.4,19
1880,5331655,0.88999945,4,4,8,384,13.585,19
1881,4657638,0.32999998,0,4,13,383,4.79,9
1882,5060435,0.4099999,0,5,13,382,5.95,11
1883,5080350,0.43999988,7,0,7,386,6.3,11
1884,5272813,0.8099995,0,6,5,389,12.375,18
1885,4807152,0.68999964,0,0,0,0,0.0,0
1886,3968069,0.5299998,5,0,17,378,7.815,13
1887,3958307,0.46999985,8,0,6,386,6.83,13
1888,3994675,0.5399998,4,0,8,388,8.17,13
1889,4520827,0.8499995,0,0,0,0,0.0,0
1890,4355677,0.49999982,8,0,5,387,7.455,12
1891,5124765,0.55999976,0,4,13,383,8.54,14
1892,3923960,0.37999994,5,0,11,384,5.475,10
1893,5082621,0.45999986,7,0,10,383,6.7,12
1894,4360447,0.5199998,0,7,16,377,7.57,13
1895,4680554,0.35999995,9,0,9,382,5.075,10
1896,4241051,0.9399994,5,0,21,374,14.255,20
1897,4718591,0.43999988,0,5,14,381,6.445,12
1898,4851302,0.67999965,0,7,9,384,10.295,15
1899,5155795,0.6099997,7,0,11,382,9.08,15